State/territory,PHN Code,PHN name,Age group,Participants,Population,Participation (%),Year
NSW,PHN101,Central and Eastern Sydney,20–24,"19,706","59,515",33.1,2014-2015
NSW,PHN101,Central and Eastern Sydney,25–29,"35,697","76,366",46.7,2014-2015
NSW,PHN101,Central and Eastern Sydney,30–34,"41,334","72,886",56.7,2014-2015
NSW,PHN101,Central and Eastern Sydney,35–39,"35,115","56,432",62.2,2014-2015
NSW,PHN101,Central and Eastern Sydney,40–44,"32,832","50,630",64.8,2014-2015
NSW,PHN101,Central and Eastern Sydney,45–49,"27,261","40,712",67.0,2014-2015
NSW,PHN101,Central and Eastern Sydney,50–54,"25,630","37,547",68.3,2014-2015
NSW,PHN101,Central and Eastern Sydney,55–59,"20,873","32,156",64.9,2014-2015
NSW,PHN101,Central and Eastern Sydney,60–64,"16,833","26,562",63.4,2014-2015
NSW,PHN101,Central and Eastern Sydney,65–69,"12,787","22,479",56.9,2014-2015
NSW,PHN101,Central and Eastern Sydney,20–69,"268,066","475,284",56.4,2014-2015
NSW,PHN102,Northern Sydney,20–24,"10,393","28,999",35.8,2014-2015
NSW,PHN102,Northern Sydney,25–29,"14,714","30,462",48.3,2014-2015
NSW,PHN102,Northern Sydney,30–34,"19,776","33,337",59.3,2014-2015
NSW,PHN102,Northern Sydney,35–39,"20,744","32,297",64.2,2014-2015
NSW,PHN102,Northern Sydney,40–44,"22,128","32,812",67.4,2014-2015
NSW,PHN102,Northern Sydney,45–49,"20,071","28,042",71.6,2014-2015
NSW,PHN102,Northern Sydney,50–54,"18,752","25,607",73.2,2014-2015
NSW,PHN102,Northern Sydney,55–59,"15,272","21,317",71.6,2014-2015
NSW,PHN102,Northern Sydney,60–64,"12,338","17,930",68.8,2014-2015
NSW,PHN102,Northern Sydney,65–69,"9,786","15,549",62.9,2014-2015
NSW,PHN102,Northern Sydney,20–69,"163,974","266,353",61.6,2014-2015
NSW,PHN103,Western Sydney,20–24,"8,367","31,960",26.2,2014-2015
NSW,PHN103,Western Sydney,25–29,"14,603","36,952",39.5,2014-2015
NSW,PHN103,Western Sydney,30–34,"19,168","38,472",49.8,2014-2015
NSW,PHN103,Western Sydney,35–39,"17,428","32,558",53.5,2014-2015
NSW,PHN103,Western Sydney,40–44,"16,688","29,895",55.8,2014-2015
NSW,PHN103,Western Sydney,45–49,"14,712","25,074",58.7,2014-2015
NSW,PHN103,Western Sydney,50–54,"13,342","22,821",58.5,2014-2015
NSW,PHN103,Western Sydney,55–59,"11,126","19,697",56.5,2014-2015
NSW,PHN103,Western Sydney,60–64,"8,691","16,003",54.3,2014-2015
NSW,PHN103,Western Sydney,65–69,"6,337","12,722",49.8,2014-2015
NSW,PHN103,Western Sydney,20–69,"130,461","266,154",49.0,2014-2015
NSW,PHN104,Nepean Blue Mountains,20–24,"5,147","12,472",41.3,2014-2015
NSW,PHN104,Nepean Blue Mountains,25–29,"6,175","12,255",50.4,2014-2015
NSW,PHN104,Nepean Blue Mountains,30–34,"6,546","12,054",54.3,2014-2015
NSW,PHN104,Nepean Blue Mountains,35–39,"6,174","11,152",55.4,2014-2015
NSW,PHN104,Nepean Blue Mountains,40–44,"6,664","12,005",55.5,2014-2015
NSW,PHN104,Nepean Blue Mountains,45–49,"6,043","10,513",57.5,2014-2015
NSW,PHN104,Nepean Blue Mountains,50–54,"5,943","10,341",57.5,2014-2015
NSW,PHN104,Nepean Blue Mountains,55–59,"5,184","9,336",55.5,2014-2015
NSW,PHN104,Nepean Blue Mountains,60–64,"4,259","7,866",54.1,2014-2015
NSW,PHN104,Nepean Blue Mountains,65–69,"3,141","6,433",48.8,2014-2015
NSW,PHN104,Nepean Blue Mountains,20–69,"55,276","104,428",52.9,2014-2015
NSW,PHN105,South Western Sydney,20–24,"9,826","33,137",29.7,2014-2015
NSW,PHN105,South Western Sydney,25–29,"14,561","33,706",43.2,2014-2015
NSW,PHN105,South Western Sydney,30–34,"16,996","32,864",51.7,2014-2015
NSW,PHN105,South Western Sydney,35–39,"16,355","30,019",54.5,2014-2015
NSW,PHN105,South Western Sydney,40–44,"17,412","29,997",58.0,2014-2015
NSW,PHN105,South Western Sydney,45–49,"15,385","26,362",58.4,2014-2015
NSW,PHN105,South Western Sydney,50–54,"14,823","25,377",58.4,2014-2015
NSW,PHN105,South Western Sydney,55–59,"12,418","22,237",55.8,2014-2015
NSW,PHN105,South Western Sydney,60–64,"9,541","17,721",53.8,2014-2015
NSW,PHN105,South Western Sydney,65–69,"6,809","13,961",48.8,2014-2015
NSW,PHN105,South Western Sydney,20–69,"134,126","265,381",50.5,2014-2015
NSW,PHN106,South Eastern NSW,20–24,"8,210","17,806",46.1,2014-2015
NSW,PHN106,South Eastern NSW,25–29,"8,692","16,342",53.2,2014-2015
NSW,PHN106,South Eastern NSW,30–34,"9,401","16,742",56.1,2014-2015
NSW,PHN106,South Eastern NSW,35–39,"9,522","16,699",57.0,2014-2015
NSW,PHN106,South Eastern NSW,40–44,"10,743","18,369",58.5,2014-2015
NSW,PHN106,South Eastern NSW,45–49,"10,050","16,478",61.0,2014-2015
NSW,PHN106,South Eastern NSW,50–54,"10,476","17,431",60.1,2014-2015
NSW,PHN106,South Eastern NSW,55–59,"9,650","16,089",60.0,2014-2015
NSW,PHN106,South Eastern NSW,60–64,"8,335","14,256",58.5,2014-2015
NSW,PHN106,South Eastern NSW,65–69,"6,657","12,474",53.4,2014-2015
NSW,PHN106,South Eastern NSW,20–69,"91,736","162,686",56.4,2014-2015
NSW,PHN107,Western NSW,20–24,"4,199","9,201",45.6,2014-2015
NSW,PHN107,Western NSW,25–29,"4,826","8,995",53.6,2014-2015
NSW,PHN107,Western NSW,30–34,"4,853","8,784",55.2,2014-2015
NSW,PHN107,Western NSW,35–39,"4,444","8,369",53.1,2014-2015
NSW,PHN107,Western NSW,40–44,"4,834","9,162",52.8,2014-2015
NSW,PHN107,Western NSW,45–49,"4,595","8,347",55.1,2014-2015
NSW,PHN107,Western NSW,50–54,"4,637","8,403",55.2,2014-2015
NSW,PHN107,Western NSW,55–59,"4,165","7,600",54.8,2014-2015
NSW,PHN107,Western NSW,60–64,"3,580","6,555",54.6,2014-2015
NSW,PHN107,Western NSW,65–69,"2,835","5,862",48.4,2014-2015
NSW,PHN107,Western NSW,20–69,"42,968","81,278",52.9,2014-2015
NSW,PHN108,Hunter New England and Central Coast,20–24,"19,109","38,089",50.2,2014-2015
NSW,PHN108,Hunter New England and Central Coast,25–29,"20,691","36,141",57.3,2014-2015
NSW,PHN108,Hunter New England and Central Coast,30–34,"21,389","36,149",59.2,2014-2015
NSW,PHN108,Hunter New England and Central Coast,35–39,"20,386","34,417",59.2,2014-2015
NSW,PHN108,Hunter New England and Central Coast,40–44,"22,278","37,645",59.2,2014-2015
NSW,PHN108,Hunter New England and Central Coast,45–49,"19,959","33,640",59.3,2014-2015
NSW,PHN108,Hunter New England and Central Coast,50–54,"20,865","34,473",60.5,2014-2015
NSW,PHN108,Hunter New England and Central Coast,55–59,"18,512","31,707",58.4,2014-2015
NSW,PHN108,Hunter New England and Central Coast,60–64,"15,785","27,922",56.5,2014-2015
NSW,PHN108,Hunter New England and Central Coast,65–69,"13,168","25,824",51.0,2014-2015
NSW,PHN108,Hunter New England and Central Coast,20–69,"192,142","336,008",57.2,2014-2015
NSW,PHN109,North Coast,20–24,"6,147","11,903",51.6,2014-2015
NSW,PHN109,North Coast,25–29,"6,783","11,181",60.7,2014-2015
NSW,PHN109,North Coast,30–34,"7,485","12,308",60.8,2014-2015
NSW,PHN109,North Coast,35–39,"7,913","13,023",60.8,2014-2015
NSW,PHN109,North Coast,40–44,"9,330","15,377",60.7,2014-2015
NSW,PHN109,North Coast,45–49,"8,927","14,454",61.8,2014-2015
NSW,PHN109,North Coast,50–54,"9,616","15,764",61.0,2014-2015
NSW,PHN109,North Coast,55–59,"9,403","15,381",61.1,2014-2015
NSW,PHN109,North Coast,60–64,"8,061","13,360",60.3,2014-2015
NSW,PHN109,North Coast,65–69,"6,388","11,768",54.3,2014-2015
NSW,PHN109,North Coast,20–69,"80,053","134,518",59.5,2014-2015
NSW,PHN110,Murrumbidgee,20–24,"3,580","7,093",50.5,2014-2015
NSW,PHN110,Murrumbidgee,25–29,"3,625","6,617",54.8,2014-2015
NSW,PHN110,Murrumbidgee,30–34,"3,825","6,444",59.4,2014-2015
NSW,PHN110,Murrumbidgee,35–39,"3,743","6,185",60.5,2014-2015
NSW,PHN110,Murrumbidgee,40–44,"4,082","6,657",61.3,2014-2015
NSW,PHN110,Murrumbidgee,45–49,"3,921","6,354",61.7,2014-2015
NSW,PHN110,Murrumbidgee,50–54,"4,127","6,591",62.6,2014-2015
NSW,PHN110,Murrumbidgee,55–59,"3,682","5,964",61.7,2014-2015
NSW,PHN110,Murrumbidgee,60–64,"3,177","5,392",58.9,2014-2015
NSW,PHN110,Murrumbidgee,65–69,"2,549","4,604",55.4,2014-2015
NSW,PHN110,Murrumbidgee,20–69,"36,311","61,902",58.7,2014-2015
Vic,PHN201,North Western Melbourne,20–24,"22,536","66,861",33.7,2014-2015
Vic,PHN201,North Western Melbourne,25–29,"37,318","80,747",46.2,2014-2015
Vic,PHN201,North Western Melbourne,30–34,"41,397","77,025",53.7,2014-2015
Vic,PHN201,North Western Melbourne,35–39,"35,702","59,862",59.6,2014-2015
Vic,PHN201,North Western Melbourne,40–44,"33,593","53,021",63.4,2014-2015
Vic,PHN201,North Western Melbourne,45–49,"28,804","43,661",66.0,2014-2015
Vic,PHN201,North Western Melbourne,50–54,"24,544","37,721",65.1,2014-2015
Vic,PHN201,North Western Melbourne,55–59,"20,473","32,070",63.8,2014-2015
Vic,PHN201,North Western Melbourne,60–64,"15,956","25,663",62.2,2014-2015
Vic,PHN201,North Western Melbourne,65–69,"11,655","20,526",56.8,2014-2015
Vic,PHN201,North Western Melbourne,20–69,"271,979","497,156",54.7,2014-2015
Vic,PHN202,Eastern Melbourne,20–24,"20,002","53,513",37.4,2014-2015
Vic,PHN202,Eastern Melbourne,25–29,"25,262","51,168",49.4,2014-2015
Vic,PHN202,Eastern Melbourne,30–34,"27,928","48,783",57.3,2014-2015
Vic,PHN202,Eastern Melbourne,35–39,"28,181","45,676",61.7,2014-2015
Vic,PHN202,Eastern Melbourne,40–44,"32,133","48,804",65.8,2014-2015
Vic,PHN202,Eastern Melbourne,45–49,"30,939","44,431",69.6,2014-2015
Vic,PHN202,Eastern Melbourne,50–54,"29,511","41,139",71.7,2014-2015
Vic,PHN202,Eastern Melbourne,55–59,"25,190","35,927",70.1,2014-2015
Vic,PHN202,Eastern Melbourne,60–64,"21,165","30,055",70.4,2014-2015
Vic,PHN202,Eastern Melbourne,65–69,"16,507","25,690",64.3,2014-2015
Vic,PHN202,Eastern Melbourne,20–69,"256,818","425,186",60.4,2014-2015
Vic,PHN203,South Eastern Melbourne,20–24,"20,045","48,019",41.7,2014-2015
Vic,PHN203,South Eastern Melbourne,25–29,"28,926","56,556",51.1,2014-2015
Vic,PHN203,South Eastern Melbourne,30–34,"32,414","56,429",57.4,2014-2015
Vic,PHN203,South Eastern Melbourne,35–39,"29,835","48,878",61.0,2014-2015
Vic,PHN203,South Eastern Melbourne,40–44,"32,346","49,805",64.9,2014-2015
Vic,PHN203,South Eastern Melbourne,45–49,"28,844","42,547",67.8,2014-2015
Vic,PHN203,South Eastern Melbourne,50–54,"26,195","38,065",68.8,2014-2015
Vic,PHN203,South Eastern Melbourne,55–59,"22,066","32,991",66.9,2014-2015
Vic,PHN203,South Eastern Melbourne,60–64,"18,369","27,879",65.9,2014-2015
Vic,PHN203,South Eastern Melbourne,65–69,"14,790","24,293",60.9,2014-2015
Vic,PHN203,South Eastern Melbourne,20–69,"253,830","425,462",59.7,2014-2015
Vic,PHN204,Gippsland,20–24,"3,520","6,530",53.9,2014-2015
Vic,PHN204,Gippsland,25–29,"4,112","7,101",57.9,2014-2015
Vic,PHN204,Gippsland,30–34,"4,143","7,103",58.3,2014-2015
Vic,PHN204,Gippsland,35–39,"3,995","6,827",58.5,2014-2015
Vic,PHN204,Gippsland,40–44,"4,513","7,754",58.2,2014-2015
Vic,PHN204,Gippsland,45–49,"4,480","7,390",60.6,2014-2015
Vic,PHN204,Gippsland,50–54,"4,771","7,651",62.4,2014-2015
Vic,PHN204,Gippsland,55–59,"4,677","7,522",62.2,2014-2015
Vic,PHN204,Gippsland,60–64,"4,412","6,918",63.8,2014-2015
Vic,PHN204,Gippsland,65–69,"3,679","6,308",58.3,2014-2015
Vic,PHN204,Gippsland,20–69,"42,302","71,104",59.5,2014-2015
Vic,PHN205,Murray,20–24,"8,819","16,182",54.5,2014-2015
Vic,PHN205,Murray,25–29,"9,542","15,877",60.1,2014-2015
Vic,PHN205,Murray,30–34,"9,956","16,003",62.2,2014-2015
Vic,PHN205,Murray,35–39,"10,133","15,950",63.5,2014-2015
Vic,PHN205,Murray,40–44,"11,201","17,704",63.3,2014-2015
Vic,PHN205,Murray,45–49,"11,108","16,555",67.1,2014-2015
Vic,PHN205,Murray,50–54,"11,525","16,858",68.4,2014-2015
Vic,PHN205,Murray,55–59,"10,504","15,509",67.7,2014-2015
Vic,PHN205,Murray,60–64,"9,208","13,780",66.8,2014-2015
Vic,PHN205,Murray,65–69,"7,309","11,961",61.1,2014-2015
Vic,PHN205,Murray,20–69,"99,304","156,381",63.5,2014-2015
Vic,PHN206,Western Victoria,20–24,"8,947","17,406",51.4,2014-2015
Vic,PHN206,Western Victoria,25–29,"9,793","16,929",57.8,2014-2015
Vic,PHN206,Western Victoria,30–34,"10,297","17,247",59.7,2014-2015
Vic,PHN206,Western Victoria,35–39,"10,461","17,368",60.2,2014-2015
Vic,PHN206,Western Victoria,40–44,"11,616","18,841",61.7,2014-2015
Vic,PHN206,Western Victoria,45–49,"10,976","17,485",62.8,2014-2015
Vic,PHN206,Western Victoria,50–54,"11,272","17,330",65.0,2014-2015
Vic,PHN206,Western Victoria,55–59,"10,162","16,037",63.4,2014-2015
Vic,PHN206,Western Victoria,60–64,"8,960","14,269",62.8,2014-2015
Vic,PHN206,Western Victoria,65–69,"7,227","12,462",58.0,2014-2015
Vic,PHN206,Western Victoria,20–69,"99,711","165,374",60.3,2014-2015
Qld,PHN301,Brisbane North,20–24,"16,214","37,947",42.7,2014-2015
Qld,PHN301,Brisbane North,25–29,"19,198","38,330",50.1,2014-2015
Qld,PHN301,Brisbane North,30–34,"20,230","35,896",56.4,2014-2015
Qld,PHN301,Brisbane North,35–39,"18,869","31,877",59.2,2014-2015
Qld,PHN301,Brisbane North,40–44,"19,785","32,546",60.8,2014-2015
Qld,PHN301,Brisbane North,45–49,"16,893","26,998",62.6,2014-2015
Qld,PHN301,Brisbane North,50–54,"15,233","24,637",61.8,2014-2015
Qld,PHN301,Brisbane North,55–59,"12,417","20,698",60.0,2014-2015
Qld,PHN301,Brisbane North,60–64,"10,110","17,948",56.3,2014-2015
Qld,PHN301,Brisbane North,65–69,"7,814","15,371",50.8,2014-2015
Qld,PHN301,Brisbane North,20–69,"156,764","282,249",55.5,2014-2015
Qld,PHN302,Brisbane South,20–24,"15,993","42,153",37.9,2014-2015
Qld,PHN302,Brisbane South,25–29,"20,525","43,661",47.0,2014-2015
Qld,PHN302,Brisbane South,30–34,"23,008","41,985",54.8,2014-2015
Qld,PHN302,Brisbane South,35–39,"20,958","36,848",56.9,2014-2015
Qld,PHN302,Brisbane South,40–44,"21,602","36,913",58.5,2014-2015
Qld,PHN302,Brisbane South,45–49,"19,014","31,496",60.4,2014-2015
Qld,PHN302,Brisbane South,50–54,"17,427","28,705",60.7,2014-2015
Qld,PHN302,Brisbane South,55–59,"14,611","24,599",59.4,2014-2015
Qld,PHN302,Brisbane South,60–64,"11,399","20,356",56.0,2014-2015
Qld,PHN302,Brisbane South,65–69,"8,279","16,390",50.5,2014-2015
Qld,PHN302,Brisbane South,20–69,"172,815","323,105",53.5,2014-2015
Qld,PHN303,Gold Coast,20–24,"9,263","20,637",44.9,2014-2015
Qld,PHN303,Gold Coast,25–29,"10,569","20,372",51.9,2014-2015
Qld,PHN303,Gold Coast,30–34,"11,362","20,006",56.8,2014-2015
Qld,PHN303,Gold Coast,35–39,"10,794","18,216",59.3,2014-2015
Qld,PHN303,Gold Coast,40–44,"11,298","19,243",58.7,2014-2015
Qld,PHN303,Gold Coast,45–49,"10,092","16,527",61.1,2014-2015
Qld,PHN303,Gold Coast,50–54,"9,338","15,565",60.0,2014-2015
Qld,PHN303,Gold Coast,55–59,"7,903","13,828",57.2,2014-2015
Qld,PHN303,Gold Coast,60–64,"6,550","11,782",55.6,2014-2015
Qld,PHN303,Gold Coast,65–69,"5,341","10,730",49.8,2014-2015
Qld,PHN303,Gold Coast,20–69,"92,510","166,906",55.4,2014-2015
Qld,PHN304,Darling Downs and West Moreton,20–24,"7,458","17,731",42.1,2014-2015
Qld,PHN304,Darling Downs and West Moreton,25–29,"8,442","17,792",47.4,2014-2015
Qld,PHN304,Darling Downs and West Moreton,30–34,"8,929","17,503",51.0,2014-2015
Qld,PHN304,Darling Downs and West Moreton,35–39,"8,222","16,393",50.2,2014-2015
Qld,PHN304,Darling Downs and West Moreton,40–44,"8,776","16,782",52.3,2014-2015
Qld,PHN304,Darling Downs and West Moreton,45–49,"7,887","14,990",52.6,2014-2015
Qld,PHN304,Darling Downs and West Moreton,50–54,"7,459","14,399",51.8,2014-2015
Qld,PHN304,Darling Downs and West Moreton,55–59,"6,477","12,513",51.8,2014-2015
Qld,PHN304,Darling Downs and West Moreton,60–64,"5,245","10,865",48.3,2014-2015
Qld,PHN304,Darling Downs and West Moreton,65–69,"4,084","9,482",43.1,2014-2015
Qld,PHN304,Darling Downs and West Moreton,20–69,"72,977","148,452",49.2,2014-2015
Qld,PHN305,Western Queensland,20–24,"1,107","2,224",49.8,2014-2015
Qld,PHN305,Western Queensland,25–29,"1,493","2,934",50.9,2014-2015
Qld,PHN305,Western Queensland,30–34,"1,403","2,643",53.1,2014-2015
Qld,PHN305,Western Queensland,35–39,"1,099","2,127",51.7,2014-2015
Qld,PHN305,Western Queensland,40–44,"1,085","2,100",51.7,2014-2015
Qld,PHN305,Western Queensland,45–49,"1,050","1,975",53.2,2014-2015
Qld,PHN305,Western Queensland,50–54,970,"1,813",53.5,2014-2015
Qld,PHN305,Western Queensland,55–59,742,"1,490",49.8,2014-2015
Qld,PHN305,Western Queensland,60–64,510,"1,101",46.3,2014-2015
Qld,PHN305,Western Queensland,65–69,326,860,37.9,2014-2015
Qld,PHN305,Western Queensland,20–69,"9,786","19,267",50.8,2014-2015
Qld,PHN306,"Central Queensland, Wide Bay, Sunshine Coast",20–24,"11,001","22,001",50.0,2014-2015
Qld,PHN306,"Central Queensland, Wide Bay, Sunshine Coast",25–29,"12,158","22,474",54.1,2014-2015
Qld,PHN306,"Central Queensland, Wide Bay, Sunshine Coast",30–34,"12,997","23,873",54.4,2014-2015
Qld,PHN306,"Central Queensland, Wide Bay, Sunshine Coast",35–39,"12,865","23,430",54.9,2014-2015
Qld,PHN306,"Central Queensland, Wide Bay, Sunshine Coast",40–44,"15,088","26,305",57.4,2014-2015
Qld,PHN306,"Central Queensland, Wide Bay, Sunshine Coast",45–49,"14,567","24,228",60.1,2014-2015
Qld,PHN306,"Central Queensland, Wide Bay, Sunshine Coast",50–54,"14,616","24,532",59.6,2014-2015
Qld,PHN306,"Central Queensland, Wide Bay, Sunshine Coast",55–59,"12,681","21,945",57.8,2014-2015
Qld,PHN306,"Central Queensland, Wide Bay, Sunshine Coast",60–64,"11,015","19,341",57.0,2014-2015
Qld,PHN306,"Central Queensland, Wide Bay, Sunshine Coast",65–69,"8,820","17,650",50.0,2014-2015
Qld,PHN306,"Central Queensland, Wide Bay, Sunshine Coast",20–69,"125,808","225,777",55.7,2014-2015
Qld,PHN307,Northern Queensland,20–24,"11,130","23,254",47.9,2014-2015
Qld,PHN307,Northern Queensland,25–29,"13,180","24,741",53.3,2014-2015
Qld,PHN307,Northern Queensland,30–34,"13,424","24,123",55.6,2014-2015
Qld,PHN307,Northern Queensland,35–39,"12,360","21,928",56.4,2014-2015
Qld,PHN307,Northern Queensland,40–44,"13,166","23,037",57.1,2014-2015
Qld,PHN307,Northern Queensland,45–49,"12,060","20,057",60.1,2014-2015
Qld,PHN307,Northern Queensland,50–54,"11,437","19,234",59.5,2014-2015
Qld,PHN307,Northern Queensland,55–59,"9,606","16,248",59.1,2014-2015
Qld,PHN307,Northern Queensland,60–64,"7,194","12,665",56.8,2014-2015
Qld,PHN307,Northern Queensland,65–69,"5,124","10,002",51.2,2014-2015
Qld,PHN307,Northern Queensland,20–69,"108,682","195,289",55.7,2014-2015
WA,PHN501,Perth North,20–24,"17,618","37,457",47.0,2014-2015
WA,PHN501,Perth North,25–29,"24,092","43,736",55.1,2014-2015
WA,PHN501,Perth North,30–34,"24,049","41,153",58.4,2014-2015
WA,PHN501,Perth North,35–39,"21,516","35,369",60.8,2014-2015
WA,PHN501,Perth North,40–44,"21,497","35,134",61.2,2014-2015
WA,PHN501,Perth North,45–49,"19,716","31,162",63.3,2014-2015
WA,PHN501,Perth North,50–54,"17,613","28,095",62.7,2014-2015
WA,PHN501,Perth North,55–59,"14,439","24,143",59.8,2014-2015
WA,PHN501,Perth North,60–64,"11,586","19,992",58.0,2014-2015
WA,PHN501,Perth North,65–69,"8,353","16,288",51.3,2014-2015
WA,PHN501,Perth North,20–69,"180,481","312,527",57.7,2014-2015
WA,PHN502,Perth South,20–24,"15,589","35,776",43.6,2014-2015
WA,PHN502,Perth South,25–29,"19,713","39,083",50.4,2014-2015
WA,PHN502,Perth South,30–34,"20,409","36,885",55.3,2014-2015
WA,PHN502,Perth South,35–39,"17,793","31,571",56.4,2014-2015
WA,PHN502,Perth South,40–44,"17,535","30,925",56.7,2014-2015
WA,PHN502,Perth South,45–49,"15,813","27,161",58.2,2014-2015
WA,PHN502,Perth South,50–54,"14,557","25,331",57.5,2014-2015
WA,PHN502,Perth South,55–59,"12,146","21,925",55.4,2014-2015
WA,PHN502,Perth South,60–64,"9,941","18,577",53.5,2014-2015
WA,PHN502,Perth South,65–69,"7,278","15,029",48.4,2014-2015
WA,PHN502,Perth South,20–69,"150,775","282,261",53.4,2014-2015
WA,PHN503,Country WA,20–24,"6,848","14,193",48.2,2014-2015
WA,PHN503,Country WA,25–29,"9,117","18,595",49.0,2014-2015
WA,PHN503,Country WA,30–34,"9,527","18,397",51.8,2014-2015
WA,PHN503,Country WA,35–39,"9,078","17,133",53.0,2014-2015
WA,PHN503,Country WA,40–44,"9,298","17,237",53.9,2014-2015
WA,PHN503,Country WA,45–49,"8,516","15,393",55.3,2014-2015
WA,PHN503,Country WA,50–54,"7,962","14,522",54.8,2014-2015
WA,PHN503,Country WA,55–59,"6,949","12,939",53.7,2014-2015
WA,PHN503,Country WA,60–64,"5,300","10,313",51.4,2014-2015
WA,PHN503,Country WA,65–69,"3,833","8,181",46.8,2014-2015
WA,PHN503,Country WA,20–69,"76,426","146,903",52.0,2014-2015
SA,PHN401,Adelaide,20–24,"18,696","43,702",42.8,2014-2015
SA,PHN401,Adelaide,25–29,"23,293","43,888",53.1,2014-2015
SA,PHN401,Adelaide,30–34,"24,594","42,169",58.3,2014-2015
SA,PHN401,Adelaide,35–39,"22,401","36,569",61.3,2014-2015
SA,PHN401,Adelaide,40–44,"23,348","37,446",62.4,2014-2015
SA,PHN401,Adelaide,45–49,"22,090","34,584",63.9,2014-2015
SA,PHN401,Adelaide,50–54,"21,153","33,283",63.6,2014-2015
SA,PHN401,Adelaide,55–59,"18,754","29,876",62.8,2014-2015
SA,PHN401,Adelaide,60–64,"16,069","25,858",62.1,2014-2015
SA,PHN401,Adelaide,65–69,"12,539","22,404",56.0,2014-2015
SA,PHN401,Adelaide,20–69,"202,937","349,779",58.0,2014-2015
SA,PHN402,Country SA,20–24,"6,463","11,868",54.5,2014-2015
SA,PHN402,Country SA,25–29,"6,934","12,707",54.6,2014-2015
SA,PHN402,Country SA,30–34,"7,693","13,052",58.9,2014-2015
SA,PHN402,Country SA,35–39,"7,802","12,919",60.4,2014-2015
SA,PHN402,Country SA,40–44,"9,141","14,589",62.7,2014-2015
SA,PHN402,Country SA,45–49,"8,880","14,211",62.5,2014-2015
SA,PHN402,Country SA,50–54,"9,025","14,149",63.8,2014-2015
SA,PHN402,Country SA,55–59,"8,116","13,297",61.0,2014-2015
SA,PHN402,Country SA,60–64,"7,257","11,880",61.1,2014-2015
SA,PHN402,Country SA,65–69,"5,886","10,656",55.2,2014-2015
SA,PHN402,Country SA,20–69,"77,198","129,328",59.7,2014-2015
Tas,PHN601,Tasmania,20–24,"7,329","14,948",49.0,2014-2015
Tas,PHN601,Tasmania,25–29,"8,271","14,518",57.0,2014-2015
Tas,PHN601,Tasmania,30–34,"8,612","14,801",58.2,2014-2015
Tas,PHN601,Tasmania,35–39,"8,291","14,053",59.0,2014-2015
Tas,PHN601,Tasmania,40–44,"9,433","15,821",59.6,2014-2015
Tas,PHN601,Tasmania,45–49,"9,066","14,866",61.0,2014-2015
Tas,PHN601,Tasmania,50–54,"9,076","15,285",59.4,2014-2015
Tas,PHN601,Tasmania,55–59,"8,098","14,268",56.8,2014-2015
Tas,PHN601,Tasmania,60–64,"6,970","12,555",55.5,2014-2015
Tas,PHN601,Tasmania,65–69,"5,356","10,863",49.3,2014-2015
Tas,PHN601,Tasmania,20–69,"80,502","141,978",56.7,2014-2015
ACT,PHN801,Australian Capital Territory,20–24,"6,253","15,393",40.6,2014-2015
ACT,PHN801,Australian Capital Territory,25–29,"8,431","16,961",49.7,2014-2015
ACT,PHN801,Australian Capital Territory,30–34,"9,144","16,129",56.7,2014-2015
ACT,PHN801,Australian Capital Territory,35–39,"7,822","13,580",57.6,2014-2015
ACT,PHN801,Australian Capital Territory,40–44,"7,699","13,035",59.1,2014-2015
ACT,PHN801,Australian Capital Territory,45–49,"6,763","11,067",61.1,2014-2015
ACT,PHN801,Australian Capital Territory,50–54,"6,254","10,139",61.7,2014-2015
ACT,PHN801,Australian Capital Territory,55–59,"5,278","8,736",60.4,2014-2015
ACT,PHN801,Australian Capital Territory,60–64,"4,348","7,180",60.6,2014-2015
ACT,PHN801,Australian Capital Territory,65–69,"3,379","5,942",56.9,2014-2015
ACT,PHN801,Australian Capital Territory,20–69,"65,370","118,162",55.3,2014-2015
NT,PHN701,Northern Territory,20–24,"4,239","8,423",50.3,2014-2015
NT,PHN701,Northern Territory,25–29,"5,727","10,808",53.0,2014-2015
NT,PHN701,Northern Territory,30–34,"5,756","10,210",56.4,2014-2015
NT,PHN701,Northern Territory,35–39,"4,726","8,495",55.6,2014-2015
NT,PHN701,Northern Territory,40–44,"4,387","7,976",55.0,2014-2015
NT,PHN701,Northern Territory,45–49,"3,829","6,721",57.0,2014-2015
NT,PHN701,Northern Territory,50–54,"3,364","5,917",56.9,2014-2015
NT,PHN701,Northern Territory,55–59,"2,644","4,985",53.0,2014-2015
NT,PHN701,Northern Territory,60–64,"1,787","3,607",49.5,2014-2015
NT,PHN701,Northern Territory,65–69,"1,015","2,253",45.0,2014-2015
NT,PHN701,Northern Territory,20–69,"37,473","69,395",54.0,2014-2015
NSW,PHN101,Central and Eastern Sydney,20–24,"20,238","66,958",30.2,2015-2016
NSW,PHN101,Central and Eastern Sydney,25–29,"36,957","82,397",44.9,2015-2016
NSW,PHN101,Central and Eastern Sydney,30–34,"42,096","73,827",57.0,2015-2016
NSW,PHN101,Central and Eastern Sydney,35–39,"35,551","56,922",62.5,2015-2016
NSW,PHN101,Central and Eastern Sydney,40–44,"32,863","50,354",65.3,2015-2016
NSW,PHN101,Central and Eastern Sydney,45–49,"28,280","42,527",66.5,2015-2016
NSW,PHN101,Central and Eastern Sydney,50–54,"25,679","38,096",67.4,2015-2016
NSW,PHN101,Central and Eastern Sydney,55–59,"21,357","32,905",64.9,2015-2016
NSW,PHN101,Central and Eastern Sydney,60–64,"17,128","27,308",62.7,2015-2016
NSW,PHN101,Central and Eastern Sydney,65–69,"13,261","22,885",57.9,2015-2016
NSW,PHN101,Central and Eastern Sydney,20–69,"273,408","494,178",55.3,2015-2016
NSW,PHN102,Northern Sydney,20–24,"10,597","27,670",38.3,2015-2016
NSW,PHN102,Northern Sydney,25–29,"14,946","31,413",47.6,2015-2016
NSW,PHN102,Northern Sydney,30–34,"20,106","34,294",58.6,2015-2016
NSW,PHN102,Northern Sydney,35–39,"20,975","32,873",63.8,2015-2016
NSW,PHN102,Northern Sydney,40–44,"21,878","32,627",67.1,2015-2016
NSW,PHN102,Northern Sydney,45–49,"20,670","29,007",71.3,2015-2016
NSW,PHN102,Northern Sydney,50–54,"18,923","25,529",74.1,2015-2016
NSW,PHN102,Northern Sydney,55–59,"15,349","21,506",71.4,2015-2016
NSW,PHN102,Northern Sydney,60–64,"12,431","17,842",69.7,2015-2016
NSW,PHN102,Northern Sydney,65–69,"9,978","15,622",63.9,2015-2016
NSW,PHN102,Northern Sydney,20–69,"165,853","268,384",61.8,2015-2016
NSW,PHN103,Western Sydney,20–24,"8,299","31,532",26.3,2015-2016
NSW,PHN103,Western Sydney,25–29,"14,881","37,774",39.4,2015-2016
NSW,PHN103,Western Sydney,30–34,"19,857","40,526",49.0,2015-2016
NSW,PHN103,Western Sydney,35–39,"18,032","33,876",53.2,2015-2016
NSW,PHN103,Western Sydney,40–44,"16,862","29,548",57.1,2015-2016
NSW,PHN103,Western Sydney,45–49,"14,941","25,325",59.0,2015-2016
NSW,PHN103,Western Sydney,50–54,"13,466","22,586",59.6,2015-2016
NSW,PHN103,Western Sydney,55–59,"11,526","19,721",58.4,2015-2016
NSW,PHN103,Western Sydney,60–64,"9,055","16,007",56.6,2015-2016
NSW,PHN103,Western Sydney,65–69,"6,614","12,951",51.1,2015-2016
NSW,PHN103,Western Sydney,20–69,"133,533","269,845",49.5,2015-2016
NSW,PHN104,Nepean Blue Mountains,20–24,"5,080","12,401",41.0,2015-2016
NSW,PHN104,Nepean Blue Mountains,25–29,"6,109","12,813",47.7,2015-2016
NSW,PHN104,Nepean Blue Mountains,30–34,"6,604","12,856",51.4,2015-2016
NSW,PHN104,Nepean Blue Mountains,35–39,"6,243","11,617",53.7,2015-2016
NSW,PHN104,Nepean Blue Mountains,40–44,"6,591","11,821",55.8,2015-2016
NSW,PHN104,Nepean Blue Mountains,45–49,"6,007","10,703",56.1,2015-2016
NSW,PHN104,Nepean Blue Mountains,50–54,"5,853","10,075",58.1,2015-2016
NSW,PHN104,Nepean Blue Mountains,55–59,"5,349","9,437",56.7,2015-2016
NSW,PHN104,Nepean Blue Mountains,60–64,"4,314","7,822",55.1,2015-2016
NSW,PHN104,Nepean Blue Mountains,65–69,"3,236","6,590",49.1,2015-2016
NSW,PHN104,Nepean Blue Mountains,20–69,"55,385","106,135",52.2,2015-2016
NSW,PHN105,South Western Sydney,20–24,"9,994","33,987",29.4,2015-2016
NSW,PHN105,South Western Sydney,25–29,"14,871","34,737",42.8,2015-2016
NSW,PHN105,South Western Sydney,30–34,"17,480","34,570",50.6,2015-2016
NSW,PHN105,South Western Sydney,35–39,"16,576","30,859",53.7,2015-2016
NSW,PHN105,South Western Sydney,40–44,"17,457","30,282",57.6,2015-2016
NSW,PHN105,South Western Sydney,45–49,"15,682","26,861",58.4,2015-2016
NSW,PHN105,South Western Sydney,50–54,"14,796","25,159",58.8,2015-2016
NSW,PHN105,South Western Sydney,55–59,"12,726","22,514",56.5,2015-2016
NSW,PHN105,South Western Sydney,60–64,"9,953","18,164",54.8,2015-2016
NSW,PHN105,South Western Sydney,65–69,"7,346","14,510",50.6,2015-2016
NSW,PHN105,South Western Sydney,20–69,"136,881","271,643",50.4,2015-2016
NSW,PHN106,South Eastern NSW,20–24,"8,313","17,984",46.2,2015-2016
NSW,PHN106,South Eastern NSW,25–29,"9,008","17,477",51.5,2015-2016
NSW,PHN106,South Eastern NSW,30–34,"9,699","17,312",56.0,2015-2016
NSW,PHN106,South Eastern NSW,35–39,"9,542","16,518",57.8,2015-2016
NSW,PHN106,South Eastern NSW,40–44,"10,735","18,133",59.2,2015-2016
NSW,PHN106,South Eastern NSW,45–49,"10,218","17,195",59.4,2015-2016
NSW,PHN106,South Eastern NSW,50–54,"10,408","17,184",60.6,2015-2016
NSW,PHN106,South Eastern NSW,55–59,"10,035","16,521",60.7,2015-2016
NSW,PHN106,South Eastern NSW,60–64,"8,580","14,748",58.2,2015-2016
NSW,PHN106,South Eastern NSW,65–69,"6,897","12,920",53.4,2015-2016
NSW,PHN106,South Eastern NSW,20–69,"93,434","165,991",56.3,2015-2016
NSW,PHN107,Western NSW,20–24,"4,172","8,957",46.6,2015-2016
NSW,PHN107,Western NSW,25–29,"4,921","9,303",52.9,2015-2016
NSW,PHN107,Western NSW,30–34,"4,961","9,009",55.1,2015-2016
NSW,PHN107,Western NSW,35–39,"4,379","8,129",53.9,2015-2016
NSW,PHN107,Western NSW,40–44,"4,629","8,689",53.3,2015-2016
NSW,PHN107,Western NSW,45–49,"4,541","8,429",53.9,2015-2016
NSW,PHN107,Western NSW,50–54,"4,538","8,373",54.2,2015-2016
NSW,PHN107,Western NSW,55–59,"4,111","7,840",52.4,2015-2016
NSW,PHN107,Western NSW,60–64,"3,542","6,653",53.2,2015-2016
NSW,PHN107,Western NSW,65–69,"2,947","6,005",49.1,2015-2016
NSW,PHN107,Western NSW,20–69,"42,744","81,386",52.5,2015-2016
NSW,PHN108,Hunter New England and Central Coast,20–24,"18,893","38,171",49.5,2015-2016
NSW,PHN108,Hunter New England and Central Coast,25–29,"20,943","37,431",56.0,2015-2016
NSW,PHN108,Hunter New England and Central Coast,30–34,"21,949","36,832",59.6,2015-2016
NSW,PHN108,Hunter New England and Central Coast,35–39,"20,586","34,358",59.9,2015-2016
NSW,PHN108,Hunter New England and Central Coast,40–44,"22,290","36,825",60.5,2015-2016
NSW,PHN108,Hunter New England and Central Coast,45–49,"20,678","34,549",59.9,2015-2016
NSW,PHN108,Hunter New England and Central Coast,50–54,"20,627","34,055",60.6,2015-2016
NSW,PHN108,Hunter New England and Central Coast,55–59,"19,120","32,370",59.1,2015-2016
NSW,PHN108,Hunter New England and Central Coast,60–64,"16,326","28,403",57.5,2015-2016
NSW,PHN108,Hunter New England and Central Coast,65–69,"13,745","26,252",52.4,2015-2016
NSW,PHN108,Hunter New England and Central Coast,20–69,"195,159","339,246",57.5,2015-2016
NSW,PHN109,North Coast,20–24,"6,159","11,561",53.3,2015-2016
NSW,PHN109,North Coast,25–29,"6,992","12,192",57.4,2015-2016
NSW,PHN109,North Coast,30–34,"7,803","12,756",61.2,2015-2016
NSW,PHN109,North Coast,35–39,"7,947","13,091",60.7,2015-2016
NSW,PHN109,North Coast,40–44,"9,130","14,974",61.0,2015-2016
NSW,PHN109,North Coast,45–49,"9,035","14,699",61.5,2015-2016
NSW,PHN109,North Coast,50–54,"9,547","15,355",62.2,2015-2016
NSW,PHN109,North Coast,55–59,"9,483","15,627",60.7,2015-2016
NSW,PHN109,North Coast,60–64,"8,425","14,082",59.8,2015-2016
NSW,PHN109,North Coast,65–69,"6,626","12,448",53.2,2015-2016
NSW,PHN109,North Coast,20–69,"81,146","136,786",59.3,2015-2016
NSW,PHN110,Murrumbidgee,20–24,"3,415","7,081",48.2,2015-2016
NSW,PHN110,Murrumbidgee,25–29,"3,599","7,049",51.1,2015-2016
NSW,PHN110,Murrumbidgee,30–34,"3,841","6,826",56.3,2015-2016
NSW,PHN110,Murrumbidgee,35–39,"3,705","6,277",59.0,2015-2016
NSW,PHN110,Murrumbidgee,40–44,"3,905","6,613",59.1,2015-2016
NSW,PHN110,Murrumbidgee,45–49,"3,943","6,431",61.3,2015-2016
NSW,PHN110,Murrumbidgee,50–54,"3,894","6,462",60.3,2015-2016
NSW,PHN110,Murrumbidgee,55–59,"3,775","6,278",60.1,2015-2016
NSW,PHN110,Murrumbidgee,60–64,"3,168","5,432",58.3,2015-2016
NSW,PHN110,Murrumbidgee,65–69,"2,568","4,839",53.1,2015-2016
NSW,PHN110,Murrumbidgee,20–69,"35,814","63,287",56.6,2015-2016
Vic,PHN201,North Western Melbourne,20–24,"21,810","72,828",29.9,2015-2016
Vic,PHN201,North Western Melbourne,25–29,"37,713","85,976",43.9,2015-2016
Vic,PHN201,North Western Melbourne,30–34,"42,371","80,267",52.8,2015-2016
Vic,PHN201,North Western Melbourne,35–39,"36,363","62,417",58.3,2015-2016
Vic,PHN201,North Western Melbourne,40–44,"33,026","53,918",61.3,2015-2016
Vic,PHN201,North Western Melbourne,45–49,"29,436","46,304",63.6,2015-2016
Vic,PHN201,North Western Melbourne,50–54,"24,773","38,939",63.6,2015-2016
Vic,PHN201,North Western Melbourne,55–59,"20,730","33,546",61.8,2015-2016
Vic,PHN201,North Western Melbourne,60–64,"16,275","27,009",60.3,2015-2016
Vic,PHN201,North Western Melbourne,65–69,"12,056","21,933",55.0,2015-2016
Vic,PHN201,North Western Melbourne,20–69,"274,552","523,137",52.5,2015-2016
Vic,PHN202,Eastern Melbourne,20–24,"19,128","53,828",35.5,2015-2016
Vic,PHN202,Eastern Melbourne,25–29,"25,015","53,365",46.9,2015-2016
Vic,PHN202,Eastern Melbourne,30–34,"28,475","52,142",54.6,2015-2016
Vic,PHN202,Eastern Melbourne,35–39,"28,277","47,440",59.6,2015-2016
Vic,PHN202,Eastern Melbourne,40–44,"31,061","48,901",63.5,2015-2016
Vic,PHN202,Eastern Melbourne,45–49,"30,948","45,872",67.5,2015-2016
Vic,PHN202,Eastern Melbourne,50–54,"28,922","41,209",70.2,2015-2016
Vic,PHN202,Eastern Melbourne,55–59,"25,361","36,067",70.3,2015-2016
Vic,PHN202,Eastern Melbourne,60–64,"21,151","30,262",69.9,2015-2016
Vic,PHN202,Eastern Melbourne,65–69,"16,897","26,218",64.4,2015-2016
Vic,PHN202,Eastern Melbourne,20–69,"255,234","435,304",58.6,2015-2016
Vic,PHN203,South Eastern Melbourne,20–24,"19,448","50,252",38.7,2015-2016
Vic,PHN203,South Eastern Melbourne,25–29,"28,596","58,838",48.6,2015-2016
Vic,PHN203,South Eastern Melbourne,30–34,"32,525","58,907",55.2,2015-2016
Vic,PHN203,South Eastern Melbourne,35–39,"29,887","50,154",59.6,2015-2016
Vic,PHN203,South Eastern Melbourne,40–44,"31,267","49,790",62.8,2015-2016
Vic,PHN203,South Eastern Melbourne,45–49,"29,450","45,022",65.4,2015-2016
Vic,PHN203,South Eastern Melbourne,50–54,"26,186","38,772",67.5,2015-2016
Vic,PHN203,South Eastern Melbourne,55–59,"22,570","34,208",66.0,2015-2016
Vic,PHN203,South Eastern Melbourne,60–64,"18,572","28,582",65.0,2015-2016
Vic,PHN203,South Eastern Melbourne,65–69,"15,245","25,276",60.3,2015-2016
Vic,PHN203,South Eastern Melbourne,20–69,"253,746","439,800",57.7,2015-2016
Vic,PHN204,Gippsland,20–24,"3,435","7,049",48.7,2015-2016
Vic,PHN204,Gippsland,25–29,"3,955","7,466",53.0,2015-2016
Vic,PHN204,Gippsland,30–34,"4,211","7,521",56.0,2015-2016
Vic,PHN204,Gippsland,35–39,"4,071","6,921",58.8,2015-2016
Vic,PHN204,Gippsland,40–44,"4,236","7,476",56.7,2015-2016
Vic,PHN204,Gippsland,45–49,"4,418","7,577",58.3,2015-2016
Vic,PHN204,Gippsland,50–54,"4,697","7,817",60.1,2015-2016
Vic,PHN204,Gippsland,55–59,"4,668","7,855",59.4,2015-2016
Vic,PHN204,Gippsland,60–64,"4,366","7,281",60.0,2015-2016
Vic,PHN204,Gippsland,65–69,"3,870","6,690",57.8,2015-2016
Vic,PHN204,Gippsland,20–69,"41,926","73,652",56.9,2015-2016
Vic,PHN205,Murray,20–24,"8,373","16,801",49.8,2015-2016
Vic,PHN205,Murray,25–29,"9,560","17,147",55.8,2015-2016
Vic,PHN205,Murray,30–34,"9,987","16,928",59.0,2015-2016
Vic,PHN205,Murray,35–39,"10,065","16,156",62.3,2015-2016
Vic,PHN205,Murray,40–44,"10,925","17,290",63.2,2015-2016
Vic,PHN205,Murray,45–49,"10,870","16,951",64.1,2015-2016
Vic,PHN205,Murray,50–54,"11,100","16,988",65.3,2015-2016
Vic,PHN205,Murray,55–59,"10,469","16,184",64.7,2015-2016
Vic,PHN205,Murray,60–64,"9,277","14,449",64.2,2015-2016
Vic,PHN205,Murray,65–69,"7,569","12,721",59.5,2015-2016
Vic,PHN205,Murray,20–69,"98,195","161,615",60.8,2015-2016
Vic,PHN206,Western Victoria,20–24,"8,604","18,566",46.3,2015-2016
Vic,PHN206,Western Victoria,25–29,"9,830","18,388",53.5,2015-2016
Vic,PHN206,Western Victoria,30–34,"10,410","18,310",56.9,2015-2016
Vic,PHN206,Western Victoria,35–39,"10,382","17,226",60.3,2015-2016
Vic,PHN206,Western Victoria,40–44,"11,137","18,764",59.4,2015-2016
Vic,PHN206,Western Victoria,45–49,"10,940","17,993",60.8,2015-2016
Vic,PHN206,Western Victoria,50–54,"10,936","17,544",62.3,2015-2016
Vic,PHN206,Western Victoria,55–59,"10,121","16,569",61.1,2015-2016
Vic,PHN206,Western Victoria,60–64,"9,189","14,844",61.9,2015-2016
Vic,PHN206,Western Victoria,65–69,"7,584","13,179",57.5,2015-2016
Vic,PHN206,Western Victoria,20–69,"99,133","171,384",57.8,2015-2016
Qld,PHN301,Brisbane North,20–24,"16,012","39,798",40.2,2015-2016
Qld,PHN301,Brisbane North,25–29,"19,083","38,876",49.1,2015-2016
Qld,PHN301,Brisbane North,30–34,"20,327","36,390",55.9,2015-2016
Qld,PHN301,Brisbane North,35–39,"18,907","32,262",58.6,2015-2016
Qld,PHN301,Brisbane North,40–44,"19,422","32,653",59.5,2015-2016
Qld,PHN301,Brisbane North,45–49,"17,214","28,529",60.3,2015-2016
Qld,PHN301,Brisbane North,50–54,"15,132","24,862",60.9,2015-2016
Qld,PHN301,Brisbane North,55–59,"12,494","21,312",58.6,2015-2016
Qld,PHN301,Brisbane North,60–64,"10,046","18,215",55.2,2015-2016
Qld,PHN301,Brisbane North,65–69,"8,042","16,077",50.0,2015-2016
Qld,PHN301,Brisbane North,20–69,"156,679","288,975",54.2,2015-2016
Qld,PHN302,Brisbane South,20–24,"15,717","42,659",36.8,2015-2016
Qld,PHN302,Brisbane South,25–29,"20,265","44,334",45.7,2015-2016
Qld,PHN302,Brisbane South,30–34,"23,001","43,418",53.0,2015-2016
Qld,PHN302,Brisbane South,35–39,"21,107","37,697",56.0,2015-2016
Qld,PHN302,Brisbane South,40–44,"21,072","36,490",57.7,2015-2016
Qld,PHN302,Brisbane South,45–49,"19,467","32,608",59.7,2015-2016
Qld,PHN302,Brisbane South,50–54,"17,266","28,934",59.7,2015-2016
Qld,PHN302,Brisbane South,55–59,"14,694","24,998",58.8,2015-2016
Qld,PHN302,Brisbane South,60–64,"11,534","20,599",56.0,2015-2016
Qld,PHN302,Brisbane South,65–69,"8,673","17,144",50.6,2015-2016
Qld,PHN302,Brisbane South,20–69,"172,798","328,881",52.5,2015-2016
Qld,PHN303,Gold Coast,20–24,"9,171","20,694",44.3,2015-2016
Qld,PHN303,Gold Coast,25–29,"10,620","21,298",49.9,2015-2016
Qld,PHN303,Gold Coast,30–34,"11,512","20,651",55.7,2015-2016
Qld,PHN303,Gold Coast,35–39,"10,901","19,096",57.1,2015-2016
Qld,PHN303,Gold Coast,40–44,"11,293","19,642",57.5,2015-2016
Qld,PHN303,Gold Coast,45–49,"10,448","17,772",58.8,2015-2016
Qld,PHN303,Gold Coast,50–54,"9,362","15,909",58.8,2015-2016
Qld,PHN303,Gold Coast,55–59,"8,106","14,231",57.0,2015-2016
Qld,PHN303,Gold Coast,60–64,"6,634","12,105",54.8,2015-2016
Qld,PHN303,Gold Coast,65–69,"5,477","11,054",49.6,2015-2016
Qld,PHN303,Gold Coast,20–69,"93,523","172,452",54.2,2015-2016
Qld,PHN304,Darling Downs and West Moreton,20–24,"7,293","18,098",40.3,2015-2016
Qld,PHN304,Darling Downs and West Moreton,25–29,"8,447","18,476",45.7,2015-2016
Qld,PHN304,Darling Downs and West Moreton,30–34,"9,145","18,210",50.2,2015-2016
Qld,PHN304,Darling Downs and West Moreton,35–39,"8,248","16,137",51.1,2015-2016
Qld,PHN304,Darling Downs and West Moreton,40–44,"8,409","16,752",50.2,2015-2016
Qld,PHN304,Darling Downs and West Moreton,45–49,"7,872","15,657",50.3,2015-2016
Qld,PHN304,Darling Downs and West Moreton,50–54,"7,348","14,530",50.6,2015-2016
Qld,PHN304,Darling Downs and West Moreton,55–59,"6,599","13,101",50.4,2015-2016
Qld,PHN304,Darling Downs and West Moreton,60–64,"5,302","11,114",47.7,2015-2016
Qld,PHN304,Darling Downs and West Moreton,65–69,"4,160","9,679",43.0,2015-2016
Qld,PHN304,Darling Downs and West Moreton,20–69,"72,822","151,754",48.0,2015-2016
Qld,PHN305,Western Queensland,20–24,979,"2,145",45.7,2015-2016
Qld,PHN305,Western Queensland,25–29,"1,282","2,591",49.5,2015-2016
Qld,PHN305,Western Queensland,30–34,"1,281","2,453",52.2,2015-2016
Qld,PHN305,Western Queensland,35–39,"1,023","1,920",53.3,2015-2016
Qld,PHN305,Western Queensland,40–44,992,"1,872",53.0,2015-2016
Qld,PHN305,Western Queensland,45–49,926,"1,818",50.9,2015-2016
Qld,PHN305,Western Queensland,50–54,901,"1,791",50.3,2015-2016
Qld,PHN305,Western Queensland,55–59,720,"1,473",48.9,2015-2016
Qld,PHN305,Western Queensland,60–64,511,"1,109",46.1,2015-2016
Qld,PHN305,Western Queensland,65–69,328,832,39.4,2015-2016
Qld,PHN305,Western Queensland,20–69,"8,944","18,004",49.7,2015-2016
Qld,PHN306,"Central Queensland, Wide Bay, Sunshine Coast",20–24,"10,646","22,472",47.4,2015-2016
Qld,PHN306,"Central Queensland, Wide Bay, Sunshine Coast",25–29,"11,807","23,290",50.7,2015-2016
Qld,PHN306,"Central Queensland, Wide Bay, Sunshine Coast",30–34,"13,149","24,392",53.9,2015-2016
Qld,PHN306,"Central Queensland, Wide Bay, Sunshine Coast",35–39,"12,695","23,194",54.7,2015-2016
Qld,PHN306,"Central Queensland, Wide Bay, Sunshine Coast",40–44,"14,513","25,836",56.2,2015-2016
Qld,PHN306,"Central Queensland, Wide Bay, Sunshine Coast",45–49,"14,336","24,847",57.7,2015-2016
Qld,PHN306,"Central Queensland, Wide Bay, Sunshine Coast",50–54,"14,288","24,628",58.0,2015-2016
Qld,PHN306,"Central Queensland, Wide Bay, Sunshine Coast",55–59,"12,918","22,656",57.0,2015-2016
Qld,PHN306,"Central Queensland, Wide Bay, Sunshine Coast",60–64,"11,122","20,013",55.6,2015-2016
Qld,PHN306,"Central Queensland, Wide Bay, Sunshine Coast",65–69,"9,071","18,377",49.4,2015-2016
Qld,PHN306,"Central Queensland, Wide Bay, Sunshine Coast",20–69,"124,545","229,706",54.2,2015-2016
Qld,PHN307,Northern Queensland,20–24,"10,654","23,030",46.3,2015-2016
Qld,PHN307,Northern Queensland,25–29,"12,698","24,484",51.9,2015-2016
Qld,PHN307,Northern Queensland,30–34,"13,238","23,932",55.3,2015-2016
Qld,PHN307,Northern Queensland,35–39,"12,078","21,622",55.9,2015-2016
Qld,PHN307,Northern Queensland,40–44,"12,851","22,279",57.7,2015-2016
Qld,PHN307,Northern Queensland,45–49,"11,873","20,356",58.3,2015-2016
Qld,PHN307,Northern Queensland,50–54,"11,240","19,035",59.0,2015-2016
Qld,PHN307,Northern Queensland,55–59,"9,708","16,778",57.9,2015-2016
Qld,PHN307,Northern Queensland,60–64,"7,384","13,474",54.8,2015-2016
Qld,PHN307,Northern Queensland,65–69,"5,277","10,770",49.0,2015-2016
Qld,PHN307,Northern Queensland,20–69,"107,001","195,761",54.7,2015-2016
WA,PHN501,Perth North,20–24,"16,861","36,535",46.1,2015-2016
WA,PHN501,Perth North,25–29,"23,465","43,622",53.8,2015-2016
WA,PHN501,Perth North,30–34,"24,482","41,500",59.0,2015-2016
WA,PHN501,Perth North,35–39,"21,586","35,062",61.6,2015-2016
WA,PHN501,Perth North,40–44,"21,090","34,139",61.8,2015-2016
WA,PHN501,Perth North,45–49,"19,728","31,296",63.0,2015-2016
WA,PHN501,Perth North,50–54,"17,407","27,741",62.7,2015-2016
WA,PHN501,Perth North,55–59,"14,458","24,023",60.2,2015-2016
WA,PHN501,Perth North,60–64,"11,639","19,879",58.6,2015-2016
WA,PHN501,Perth North,65–69,"8,652","16,640",52.0,2015-2016
WA,PHN501,Perth North,20–69,"179,367","310,437",57.8,2015-2016
WA,PHN502,Perth South,20–24,"14,976","34,548",43.4,2015-2016
WA,PHN502,Perth South,25–29,"19,486","38,875",50.1,2015-2016
WA,PHN502,Perth South,30–34,"20,644","38,122",54.2,2015-2016
WA,PHN502,Perth South,35–39,"18,226","31,875",57.2,2015-2016
WA,PHN502,Perth South,40–44,"17,338","30,117",57.6,2015-2016
WA,PHN502,Perth South,45–49,"16,088","27,337",58.9,2015-2016
WA,PHN502,Perth South,50–54,"14,593","24,687",59.1,2015-2016
WA,PHN502,Perth South,55–59,"12,290","21,694",56.7,2015-2016
WA,PHN502,Perth South,60–64,"10,068","18,537",54.3,2015-2016
WA,PHN502,Perth South,65–69,"7,577","15,285",49.6,2015-2016
WA,PHN502,Perth South,20–69,"151,288","281,076",53.8,2015-2016
WA,PHN503,Country WA,20–24,"6,597","13,827",47.7,2015-2016
WA,PHN503,Country WA,25–29,"8,784","17,883",49.1,2015-2016
WA,PHN503,Country WA,30–34,"9,511","18,550",51.3,2015-2016
WA,PHN503,Country WA,35–39,"8,913","16,567",53.8,2015-2016
WA,PHN503,Country WA,40–44,"8,953","16,617",53.9,2015-2016
WA,PHN503,Country WA,45–49,"8,535","15,675",54.5,2015-2016
WA,PHN503,Country WA,50–54,"7,884","14,687",53.7,2015-2016
WA,PHN503,Country WA,55–59,"7,105","13,374",53.1,2015-2016
WA,PHN503,Country WA,60–64,"5,408","10,970",49.3,2015-2016
WA,PHN503,Country WA,65–69,"4,069","8,744",46.5,2015-2016
WA,PHN503,Country WA,20–69,"75,757","146,894",51.6,2015-2016
SA,PHN401,Adelaide,20–24,"18,453","43,888",42.0,2015-2016
SA,PHN401,Adelaide,25–29,"22,935","44,514",51.5,2015-2016
SA,PHN401,Adelaide,30–34,"24,682","43,323",57.0,2015-2016
SA,PHN401,Adelaide,35–39,"22,410","37,193",60.3,2015-2016
SA,PHN401,Adelaide,40–44,"22,691","36,028",63.0,2015-2016
SA,PHN401,Adelaide,45–49,"22,101","34,766",63.6,2015-2016
SA,PHN401,Adelaide,50–54,"20,745","32,574",63.7,2015-2016
SA,PHN401,Adelaide,55–59,"18,914","30,082",62.9,2015-2016
SA,PHN401,Adelaide,60–64,"15,907","25,773",61.7,2015-2016
SA,PHN401,Adelaide,65–69,"12,948","22,769",56.9,2015-2016
SA,PHN401,Adelaide,20–69,"201,786","350,910",57.5,2015-2016
SA,PHN402,Country SA,20–24,"6,184","12,540",49.3,2015-2016
SA,PHN402,Country SA,25–29,"6,848","12,978",52.8,2015-2016
SA,PHN402,Country SA,30–34,"7,546","13,314",56.7,2015-2016
SA,PHN402,Country SA,35–39,"7,543","12,758",59.1,2015-2016
SA,PHN402,Country SA,40–44,"8,569","14,371",59.6,2015-2016
SA,PHN402,Country SA,45–49,"8,721","14,611",59.7,2015-2016
SA,PHN402,Country SA,50–54,"8,595","14,418",59.6,2015-2016
SA,PHN402,Country SA,55–59,"8,178","13,770",59.4,2015-2016
SA,PHN402,Country SA,60–64,"7,177","12,310",58.3,2015-2016
SA,PHN402,Country SA,65–69,"6,040","11,176",54.0,2015-2016
SA,PHN402,Country SA,20–69,"75,402","132,247",57.0,2015-2016
Tas,PHN601,Tasmania,20–24,"7,106","15,413",46.1,2015-2016
Tas,PHN601,Tasmania,25–29,"8,145","15,213",53.5,2015-2016
Tas,PHN601,Tasmania,30–34,"8,649","15,153",57.1,2015-2016
Tas,PHN601,Tasmania,35–39,"8,241","14,099",58.5,2015-2016
Tas,PHN601,Tasmania,40–44,"9,118","15,381",59.3,2015-2016
Tas,PHN601,Tasmania,45–49,"8,959","15,099",59.3,2015-2016
Tas,PHN601,Tasmania,50–54,"8,711","15,030",58.0,2015-2016
Tas,PHN601,Tasmania,55–59,"8,261","14,520",56.9,2015-2016
Tas,PHN601,Tasmania,60–64,"7,085","12,737",55.6,2015-2016
Tas,PHN601,Tasmania,65–69,"5,547","11,282",49.2,2015-2016
Tas,PHN601,Tasmania,20–69,"79,822","143,926",55.5,2015-2016
ACT,PHN801,Australian Capital Territory,20–24,"6,159","16,172",38.1,2015-2016
ACT,PHN801,Australian Capital Territory,25–29,"8,408","17,354",48.4,2015-2016
ACT,PHN801,Australian Capital Territory,30–34,"9,345","17,024",54.9,2015-2016
ACT,PHN801,Australian Capital Territory,35–39,"8,278","14,204",58.3,2015-2016
ACT,PHN801,Australian Capital Territory,40–44,"7,788","13,089",59.5,2015-2016
ACT,PHN801,Australian Capital Territory,45–49,"7,005","11,242",62.3,2015-2016
ACT,PHN801,Australian Capital Territory,50–54,"6,384","10,074",63.4,2015-2016
ACT,PHN801,Australian Capital Territory,55–59,"5,355","8,795",60.9,2015-2016
ACT,PHN801,Australian Capital Territory,60–64,"4,438","7,244",61.3,2015-2016
ACT,PHN801,Australian Capital Territory,65–69,"3,545","6,179",57.4,2015-2016
ACT,PHN801,Australian Capital Territory,20–69,"66,706","121,376",55.0,2015-2016
NT,PHN701,Northern Territory,20–24,"4,116","8,882",46.3,2015-2016
NT,PHN701,Northern Territory,25–29,"5,752","11,805",48.7,2015-2016
NT,PHN701,Northern Territory,30–34,"5,703","11,133",51.2,2015-2016
NT,PHN701,Northern Territory,35–39,"4,762","8,917",53.4,2015-2016
NT,PHN701,Northern Territory,40–44,"4,211","7,860",53.6,2015-2016
NT,PHN701,Northern Territory,45–49,"3,994","7,142",55.9,2015-2016
NT,PHN701,Northern Territory,50–54,"3,272","6,128",53.4,2015-2016
NT,PHN701,Northern Territory,55–59,"2,594","5,096",50.9,2015-2016
NT,PHN701,Northern Territory,60–64,"1,780","3,737",47.6,2015-2016
NT,PHN701,Northern Territory,65–69,"1,028","2,373",43.3,2015-2016
NT,PHN701,Northern Territory,20–69,"37,212","73,073",50.9,2015-2016
NSW,PHN101,Central and Eastern Sydney,25–29,"52,301","80,264",65.2,2018-2021
NSW,PHN101,Central and Eastern Sydney,30–34,"49,509","75,481",65.6,2018-2021
NSW,PHN101,Central and Eastern Sydney,35–39,"40,064","60,756",65.9,2018-2021
NSW,PHN101,Central and Eastern Sydney,40–44,"32,099","48,436",66.3,2018-2021
NSW,PHN101,Central and Eastern Sydney,45–49,"30,891","45,093",68.5,2018-2021
NSW,PHN101,Central and Eastern Sydney,50–54,"25,538","37,670",67.8,2018-2021
NSW,PHN101,Central and Eastern Sydney,55–59,"23,467","34,574",67.9,2018-2021
NSW,PHN101,Central and Eastern Sydney,60–64,"19,181","29,170",65.8,2018-2021
NSW,PHN101,Central and Eastern Sydney,65–69,"14,310","23,952",59.7,2018-2021
NSW,PHN101,Central and Eastern Sydney,70–74,"6,944","20,669",33.6,2018-2021
NSW,PHN101,Central and Eastern Sydney,25–74,"294,304","456,065",64.5,2018-2021
NSW,PHN102,Northern Sydney,25–29,"21,090","29,588",71.3,2018-2021
NSW,PHN102,Northern Sydney,30–34,"23,088","33,738",68.4,2018-2021
NSW,PHN102,Northern Sydney,35–39,"24,255","34,973",69.4,2018-2021
NSW,PHN102,Northern Sydney,40–44,"22,550","32,155",70.1,2018-2021
NSW,PHN102,Northern Sydney,45–49,"22,672","30,521",74.3,2018-2021
NSW,PHN102,Northern Sydney,50–54,"19,178","25,806",74.3,2018-2021
NSW,PHN102,Northern Sydney,55–59,"17,189","22,894",75.1,2018-2021
NSW,PHN102,Northern Sydney,60–64,"13,929","19,087",73.0,2018-2021
NSW,PHN102,Northern Sydney,65–69,"10,754","16,031",67.1,2018-2021
NSW,PHN102,Northern Sydney,70–74,"5,018","14,407",34.8,2018-2021
NSW,PHN102,Northern Sydney,25–74,"179,724","259,201",69.3,2018-2021
NSW,PHN103,Western Sydney,25–29,"20,830","39,928",52.2,2018-2021
NSW,PHN103,Western Sydney,30–34,"24,800","44,437",55.8,2018-2021
NSW,PHN103,Western Sydney,35–39,"23,815","42,896",55.5,2018-2021
NSW,PHN103,Western Sydney,40–44,"18,745","32,896",57.0,2018-2021
NSW,PHN103,Western Sydney,45–49,"16,935","27,877",60.7,2018-2021
NSW,PHN103,Western Sydney,50–54,"14,234","23,401",60.8,2018-2021
NSW,PHN103,Western Sydney,55–59,"12,635","21,170",59.7,2018-2021
NSW,PHN103,Western Sydney,60–64,"10,418","17,944",58.1,2018-2021
NSW,PHN103,Western Sydney,65–69,"7,459","14,416",51.7,2018-2021
NSW,PHN103,Western Sydney,70–74,"3,372","11,616",29.0,2018-2021
NSW,PHN103,Western Sydney,25–74,"153,245","276,582",55.4,2018-2021
NSW,PHN104,Nepean Blue Mountains,25–29,"8,155","13,061",62.4,2018-2021
NSW,PHN104,Nepean Blue Mountains,30–34,"7,762","13,400",57.9,2018-2021
NSW,PHN104,Nepean Blue Mountains,35–39,"7,152","12,658",56.5,2018-2021
NSW,PHN104,Nepean Blue Mountains,40–44,"6,381","11,144",57.3,2018-2021
NSW,PHN104,Nepean Blue Mountains,45–49,"6,542","11,114",58.9,2018-2021
NSW,PHN104,Nepean Blue Mountains,50–54,"5,793","9,685",59.8,2018-2021
NSW,PHN104,Nepean Blue Mountains,55–59,"5,577","9,410",59.3,2018-2021
NSW,PHN104,Nepean Blue Mountains,60–64,"4,766","8,384",56.9,2018-2021
NSW,PHN104,Nepean Blue Mountains,65–69,"3,633","6,965",52.2,2018-2021
NSW,PHN104,Nepean Blue Mountains,70–74,"1,584","5,861",27.0,2018-2021
NSW,PHN104,Nepean Blue Mountains,25–74,"57,346","101,682",56.4,2018-2021
NSW,PHN105,South Western Sydney,25–29,"21,382","37,552",56.9,2018-2021
NSW,PHN105,South Western Sydney,30–34,"21,502","38,451",55.9,2018-2021
NSW,PHN105,South Western Sydney,35–39,"20,211","36,295",55.7,2018-2021
NSW,PHN105,South Western Sydney,40–44,"18,173","30,951",58.7,2018-2021
NSW,PHN105,South Western Sydney,45–49,"17,761","29,112",61.0,2018-2021
NSW,PHN105,South Western Sydney,50–54,"15,154","25,340",59.8,2018-2021
NSW,PHN105,South Western Sydney,55–59,"14,193","24,205",58.6,2018-2021
NSW,PHN105,South Western Sydney,60–64,"11,597","20,868",55.6,2018-2021
NSW,PHN105,South Western Sydney,65–69,"8,288","16,493",50.3,2018-2021
NSW,PHN105,South Western Sydney,70–74,"3,704","13,159",28.1,2018-2021
NSW,PHN105,South Western Sydney,25–74,"151,965","272,426",55.8,2018-2021
NSW,PHN106,South Eastern NSW,25–29,"13,296","18,800",70.7,2018-2021
NSW,PHN106,South Eastern NSW,30–34,"11,789","18,940",62.2,2018-2021
NSW,PHN106,South Eastern NSW,35–39,"11,012","18,000",61.2,2018-2021
NSW,PHN106,South Eastern NSW,40–44,"10,653","16,634",64.0,2018-2021
NSW,PHN106,South Eastern NSW,45–49,"11,583","17,590",65.9,2018-2021
NSW,PHN106,South Eastern NSW,50–54,"10,461","16,250",64.4,2018-2021
NSW,PHN106,South Eastern NSW,55–59,"11,058","16,981",65.1,2018-2021
NSW,PHN106,South Eastern NSW,60–64,"10,098","15,895",63.5,2018-2021
NSW,PHN106,South Eastern NSW,65–69,"8,114","13,880",58.5,2018-2021
NSW,PHN106,South Eastern NSW,70–74,"3,953","11,993",33.0,2018-2021
NSW,PHN106,South Eastern NSW,25–74,"102,016","164,961",61.8,2018-2021
NSW,PHN107,Western NSW,25–29,"6,430","10,022",64.2,2018-2021
NSW,PHN107,Western NSW,30–34,"5,437","9,613",56.6,2018-2021
NSW,PHN107,Western NSW,35–39,"4,764","8,672",54.9,2018-2021
NSW,PHN107,Western NSW,40–44,"4,271","7,761",55.0,2018-2021
NSW,PHN107,Western NSW,45–49,"4,632","8,221",56.3,2018-2021
NSW,PHN107,Western NSW,50–54,"4,307","7,739",55.7,2018-2021
NSW,PHN107,Western NSW,55–59,"4,515","7,881",57.3,2018-2021
NSW,PHN107,Western NSW,60–64,"3,988","7,120",56.0,2018-2021
NSW,PHN107,Western NSW,65–69,"3,212","6,001",53.5,2018-2021
NSW,PHN107,Western NSW,70–74,"1,490","5,441",27.4,2018-2021
NSW,PHN107,Western NSW,25–74,"43,045","78,472",54.9,2018-2021
NSW,PHN108,Hunter New England and Central Coast,25–29,"28,849","39,831",72.4,2018-2021
NSW,PHN108,Hunter New England and Central Coast,30–34,"25,034","39,474",63.4,2018-2021
NSW,PHN108,Hunter New England and Central Coast,35–39,"23,401","37,635",62.2,2018-2021
NSW,PHN108,Hunter New England and Central Coast,40–44,"21,656","34,085",63.5,2018-2021
NSW,PHN108,Hunter New England and Central Coast,45–49,"23,086","35,408",65.2,2018-2021
NSW,PHN108,Hunter New England and Central Coast,50–54,"20,357","32,186",63.2,2018-2021
NSW,PHN108,Hunter New England and Central Coast,55–59,"21,264","33,254",63.9,2018-2021
NSW,PHN108,Hunter New England and Central Coast,60–64,"18,992","30,778",61.7,2018-2021
NSW,PHN108,Hunter New England and Central Coast,65–69,"15,499","27,240",56.9,2018-2021
NSW,PHN108,Hunter New England and Central Coast,70–74,"7,292","24,836",29.4,2018-2021
NSW,PHN108,Hunter New England and Central Coast,25–74,"205,429","334,727",61.4,2018-2021
NSW,PHN109,North Coast,25–29,"10,032","13,284",75.5,2018-2021
NSW,PHN109,North Coast,30–34,"9,242","14,131",65.4,2018-2021
NSW,PHN109,North Coast,35–39,"9,344","14,377",65.0,2018-2021
NSW,PHN109,North Coast,40–44,"9,174","13,903",66.0,2018-2021
NSW,PHN109,North Coast,45–49,"10,143","14,996",67.6,2018-2021
NSW,PHN109,North Coast,50–54,"9,262","14,077",65.8,2018-2021
NSW,PHN109,North Coast,55–59,"10,241","15,505",66.1,2018-2021
NSW,PHN109,North Coast,60–64,"9,940","15,212",65.3,2018-2021
NSW,PHN109,North Coast,65–69,"8,135","13,656",59.6,2018-2021
NSW,PHN109,North Coast,70–74,"3,668","11,858",30.9,2018-2021
NSW,PHN109,North Coast,25–74,"89,181","140,998",63.2,2018-2021
NSW,PHN110,Murrumbidgee,25–29,"4,886","7,447",65.6,2018-2021
NSW,PHN110,Murrumbidgee,30–34,"4,027","7,090",56.8,2018-2021
NSW,PHN110,Murrumbidgee,35–39,"3,619","6,739",53.7,2018-2021
NSW,PHN110,Murrumbidgee,40–44,"3,458","6,085",56.8,2018-2021
NSW,PHN110,Murrumbidgee,45–49,"3,685","6,291",58.6,2018-2021
NSW,PHN110,Murrumbidgee,50–54,"3,402","6,033",56.4,2018-2021
NSW,PHN110,Murrumbidgee,55–59,"3,594","6,375",56.4,2018-2021
NSW,PHN110,Murrumbidgee,60–64,"3,129","5,900",53.0,2018-2021
NSW,PHN110,Murrumbidgee,65–69,"2,549","5,051",50.5,2018-2021
NSW,PHN110,Murrumbidgee,70–74,"1,200","4,485",26.8,2018-2021
NSW,PHN110,Murrumbidgee,25–74,"33,550","61,497",54.6,2018-2021
Vic,PHN201,North Western Melbourne,25–29,"55,601","91,654",60.7,2018-2021
Vic,PHN201,North Western Melbourne,30–34,"53,734","92,129",58.3,2018-2021
Vic,PHN201,North Western Melbourne,35–39,"45,276","76,152",59.5,2018-2021
Vic,PHN201,North Western Melbourne,40–44,"36,766","57,266",64.2,2018-2021
Vic,PHN201,North Western Melbourne,45–49,"33,757","50,232",67.2,2018-2021
Vic,PHN201,North Western Melbourne,50–54,"27,665","42,189",65.6,2018-2021
Vic,PHN201,North Western Melbourne,55–59,"23,416","36,372",64.4,2018-2021
Vic,PHN201,North Western Melbourne,60–64,"18,818","30,338",62.0,2018-2021
Vic,PHN201,North Western Melbourne,65–69,"13,957","24,022",58.1,2018-2021
Vic,PHN201,North Western Melbourne,70–74,"6,027","19,575",30.8,2018-2021
Vic,PHN201,North Western Melbourne,25–74,"315,017","519,928",60.6,2018-2021
Vic,PHN202,Eastern Melbourne,25–29,"35,237","52,216",67.5,2018-2021
Vic,PHN202,Eastern Melbourne,30–34,"34,307","55,365",62.0,2018-2021
Vic,PHN202,Eastern Melbourne,35–39,"33,803","53,770",62.9,2018-2021
Vic,PHN202,Eastern Melbourne,40–44,"32,320","47,341",68.3,2018-2021
Vic,PHN202,Eastern Melbourne,45–49,"34,634","46,845",73.9,2018-2021
Vic,PHN202,Eastern Melbourne,50–54,"30,144","41,317",73.0,2018-2021
Vic,PHN202,Eastern Melbourne,55–59,"27,704","37,697",73.5,2018-2021
Vic,PHN202,Eastern Melbourne,60–64,"23,300","32,475",71.7,2018-2021
Vic,PHN202,Eastern Melbourne,65–69,"18,173","27,389",66.4,2018-2021
Vic,PHN202,Eastern Melbourne,70–74,"8,654","23,994",36.1,2018-2021
Vic,PHN202,Eastern Melbourne,25–74,"278,276","418,409",66.5,2018-2021
Vic,PHN203,South Eastern Melbourne,25–29,"41,759","61,038",68.4,2018-2021
Vic,PHN203,South Eastern Melbourne,30–34,"39,521","63,127",62.6,2018-2021
Vic,PHN203,South Eastern Melbourne,35–39,"36,687","58,105",63.1,2018-2021
Vic,PHN203,South Eastern Melbourne,40–44,"32,666","48,715",67.1,2018-2021
Vic,PHN203,South Eastern Melbourne,45–49,"33,872","47,839",70.8,2018-2021
Vic,PHN203,South Eastern Melbourne,50–54,"28,508","41,051",69.4,2018-2021
Vic,PHN203,South Eastern Melbourne,55–59,"25,200","36,673",68.7,2018-2021
Vic,PHN203,South Eastern Melbourne,60–64,"21,016","31,565",66.6,2018-2021
Vic,PHN203,South Eastern Melbourne,65–69,"16,563","26,529",62.4,2018-2021
Vic,PHN203,South Eastern Melbourne,70–74,"7,688","23,717",32.4,2018-2021
Vic,PHN203,South Eastern Melbourne,25–74,"283,479","438,360",64.7,2018-2021
Vic,PHN204,Gippsland,25–29,"5,576","8,281",67.3,2018-2021
Vic,PHN204,Gippsland,30–34,"4,512","8,416",53.6,2018-2021
Vic,PHN204,Gippsland,35–39,"4,158","7,931",52.4,2018-2021
Vic,PHN204,Gippsland,40–44,"4,195","7,145",58.7,2018-2021
Vic,PHN204,Gippsland,45–49,"4,698","7,679",61.2,2018-2021
Vic,PHN204,Gippsland,50–54,"4,611","7,632",60.4,2018-2021
Vic,PHN204,Gippsland,55–59,"4,960","8,311",59.7,2018-2021
Vic,PHN204,Gippsland,60–64,"4,858","8,203",59.2,2018-2021
Vic,PHN204,Gippsland,65–69,"4,348","7,533",57.7,2018-2021
Vic,PHN204,Gippsland,70–74,"1,872","6,452",29.0,2018-2021
Vic,PHN204,Gippsland,25–74,"43,788","77,584",56.4,2018-2021
Vic,PHN205,Murray,25–29,"12,422","18,872",65.8,2018-2021
Vic,PHN205,Murray,30–34,"9,582","18,717",51.2,2018-2021
Vic,PHN205,Murray,35–39,"9,539","17,853",53.4,2018-2021
Vic,PHN205,Murray,40–44,"10,089","16,730",60.3,2018-2021
Vic,PHN205,Murray,45–49,"10,764","17,214",62.5,2018-2021
Vic,PHN205,Murray,50–54,"10,216","16,371",62.4,2018-2021
Vic,PHN205,Murray,55–59,"10,482","16,973",61.8,2018-2021
Vic,PHN205,Murray,60–64,"9,514","15,820",60.1,2018-2021
Vic,PHN205,Murray,65–69,"7,796","13,918",56.0,2018-2021
Vic,PHN205,Murray,70–74,"3,522","12,044",29.2,2018-2021
Vic,PHN205,Murray,25–74,"93,925","164,511",57.1,2018-2021
Vic,PHN206,Western Victoria,25–29,"14,204","20,928",67.9,2018-2021
Vic,PHN206,Western Victoria,30–34,"11,492","20,903",55.0,2018-2021
Vic,PHN206,Western Victoria,35–39,"11,401","20,033",56.9,2018-2021
Vic,PHN206,Western Victoria,40–44,"11,588","18,287",63.4,2018-2021
Vic,PHN206,Western Victoria,45–49,"12,194","18,752",65.0,2018-2021
Vic,PHN206,Western Victoria,50–54,"11,122","17,361",64.1,2018-2021
Vic,PHN206,Western Victoria,55–59,"11,153","17,555",63.5,2018-2021
Vic,PHN206,Western Victoria,60–64,"10,329","16,408",62.9,2018-2021
Vic,PHN206,Western Victoria,65–69,"8,549","14,651",58.4,2018-2021
Vic,PHN206,Western Victoria,70–74,"3,729","12,615",29.6,2018-2021
Vic,PHN206,Western Victoria,25–74,"105,758","177,493",59.6,2018-2021
Qld,PHN301,Brisbane North,25–29,"29,039","41,123",70.6,2018-2021
Qld,PHN301,Brisbane North,30–34,"25,679","39,415",65.2,2018-2021
Qld,PHN301,Brisbane North,35–39,"24,129","36,853",65.5,2018-2021
Qld,PHN301,Brisbane North,40–44,"21,681","32,693",66.3,2018-2021
Qld,PHN301,Brisbane North,45–49,"21,811","31,589",69.0,2018-2021
Qld,PHN301,Brisbane North,50–54,"17,620","26,332",66.9,2018-2021
Qld,PHN301,Brisbane North,55–59,"15,402","23,476",65.6,2018-2021
Qld,PHN301,Brisbane North,60–64,"12,482","19,776",63.1,2018-2021
Qld,PHN301,Brisbane North,65–69,"9,581","17,234",55.6,2018-2021
Qld,PHN301,Brisbane North,70–74,"4,232","15,300",27.7,2018-2021
Qld,PHN301,Brisbane North,25–74,"181,656","283,790",64.0,2018-2021
Qld,PHN302,Brisbane South,25–29,"30,800","45,505",67.7,2018-2021
Qld,PHN302,Brisbane South,30–34,"29,349","46,075",63.7,2018-2021
Qld,PHN302,Brisbane South,35–39,"27,476","43,286",63.5,2018-2021
Qld,PHN302,Brisbane South,40–44,"23,824","37,114",64.2,2018-2021
Qld,PHN302,Brisbane South,45–49,"23,530","35,161",66.9,2018-2021
Qld,PHN302,Brisbane South,50–54,"19,484","29,742",65.5,2018-2021
Qld,PHN302,Brisbane South,55–59,"17,628","26,862",65.6,2018-2021
Qld,PHN302,Brisbane South,60–64,"14,352","22,699",63.2,2018-2021
Qld,PHN302,Brisbane South,65–69,"10,726","18,838",56.9,2018-2021
Qld,PHN302,Brisbane South,70–74,"4,585","15,868",28.9,2018-2021
Qld,PHN302,Brisbane South,25–74,"201,754","321,151",62.8,2018-2021
Qld,PHN303,Gold Coast,25–29,"16,726","22,928",73.0,2018-2021
Qld,PHN303,Gold Coast,30–34,"14,892","22,831",65.2,2018-2021
Qld,PHN303,Gold Coast,35–39,"14,232","21,674",65.7,2018-2021
Qld,PHN303,Gold Coast,40–44,"12,992","19,775",65.7,2018-2021
Qld,PHN303,Gold Coast,45–49,"13,144","19,620",67.0,2018-2021
Qld,PHN303,Gold Coast,50–54,"11,008","16,845",65.4,2018-2021
Qld,PHN303,Gold Coast,55–59,"10,003","15,581",64.2,2018-2021
Qld,PHN303,Gold Coast,60–64,"8,341","13,548",61.6,2018-2021
Qld,PHN303,Gold Coast,65–69,"6,802","11,854",57.4,2018-2021
Qld,PHN303,Gold Coast,70–74,"3,187","10,677",29.8,2018-2021
Qld,PHN303,Gold Coast,25–74,"111,328","175,332",63.5,2018-2021
Qld,PHN304,Darling Downs and West Moreton,25–29,"13,420","20,336",66.0,2018-2021
Qld,PHN304,Darling Downs and West Moreton,30–34,"11,580","20,012",57.9,2018-2021
Qld,PHN304,Darling Downs and West Moreton,35–39,"10,861","18,785",57.8,2018-2021
Qld,PHN304,Darling Downs and West Moreton,40–44,"9,467","16,321",58.0,2018-2021
Qld,PHN304,Darling Downs and West Moreton,45–49,"9,763","16,371",59.6,2018-2021
Qld,PHN304,Darling Downs and West Moreton,50–54,"8,622","14,952",57.7,2018-2021
Qld,PHN304,Darling Downs and West Moreton,55–59,"8,219","14,280",57.6,2018-2021
Qld,PHN304,Darling Downs and West Moreton,60–64,"6,779","12,382",54.7,2018-2021
Qld,PHN304,Darling Downs and West Moreton,65–69,"5,260","10,590",49.7,2018-2021
Qld,PHN304,Darling Downs and West Moreton,70–74,"2,208","9,114",24.2,2018-2021
Qld,PHN304,Darling Downs and West Moreton,25–74,"86,179","153,145",56.3,2018-2021
Qld,PHN305,Western Queensland,25–29,"1,649","2,501",65.9,2018-2021
Qld,PHN305,Western Queensland,30–34,"1,358","2,300",59.0,2018-2021
Qld,PHN305,Western Queensland,35–39,"1,165","2,100",55.5,2018-2021
Qld,PHN305,Western Queensland,40–44,"1,003","1,680",59.7,2018-2021
Qld,PHN305,Western Queensland,45–49,"1,015","1,704",59.5,2018-2021
Qld,PHN305,Western Queensland,50–54,954,"1,627",58.6,2018-2021
Qld,PHN305,Western Queensland,55–59,905,"1,565",57.8,2018-2021
Qld,PHN305,Western Queensland,60–64,648,"1,208",53.6,2018-2021
Qld,PHN305,Western Queensland,65–69,475,869,54.7,2018-2021
Qld,PHN305,Western Queensland,70–74,189,693,27.3,2018-2021
Qld,PHN305,Western Queensland,25–74,"9,362","16,248",57.6,2018-2021
Qld,PHN306,"Central Queensland, Wide Bay, Sunshine Coast",25–29,"17,511","24,618",71.1,2018-2021
Qld,PHN306,"Central Queensland, Wide Bay, Sunshine Coast",30–34,"15,635","25,485",61.4,2018-2021
Qld,PHN306,"Central Queensland, Wide Bay, Sunshine Coast",35–39,"15,904","25,927",61.3,2018-2021
Qld,PHN306,"Central Queensland, Wide Bay, Sunshine Coast",40–44,"15,540","24,445",63.6,2018-2021
Qld,PHN306,"Central Queensland, Wide Bay, Sunshine Coast",45–49,"17,038","26,050",65.4,2018-2021
Qld,PHN306,"Central Queensland, Wide Bay, Sunshine Coast",50–54,"15,730","24,199",65.0,2018-2021
Qld,PHN306,"Central Queensland, Wide Bay, Sunshine Coast",55–59,"16,138","25,081",64.3,2018-2021
Qld,PHN306,"Central Queensland, Wide Bay, Sunshine Coast",60–64,"14,250","22,833",62.4,2018-2021
Qld,PHN306,"Central Queensland, Wide Bay, Sunshine Coast",65–69,"11,544","20,111",57.4,2018-2021
Qld,PHN306,"Central Queensland, Wide Bay, Sunshine Coast",70–74,"4,893","17,996",27.2,2018-2021
Qld,PHN306,"Central Queensland, Wide Bay, Sunshine Coast",25–74,"144,182","236,744",60.9,2018-2021
Qld,PHN307,Northern Queensland,25–29,"17,454","24,663",70.8,2018-2021
Qld,PHN307,Northern Queensland,30–34,"15,144","23,927",63.3,2018-2021
Qld,PHN307,Northern Queensland,35–39,"14,290","22,694",63.0,2018-2021
Qld,PHN307,Northern Queensland,40–44,"13,091","20,557",63.7,2018-2021
Qld,PHN307,Northern Queensland,45–49,"13,878","20,821",66.7,2018-2021
Qld,PHN307,Northern Queensland,50–54,"12,237","18,604",65.8,2018-2021
Qld,PHN307,Northern Queensland,55–59,"11,724","17,920",65.4,2018-2021
Qld,PHN307,Northern Queensland,60–64,"9,496","15,151",62.7,2018-2021
Qld,PHN307,Northern Queensland,65–69,"6,648","11,959",55.6,2018-2021
Qld,PHN307,Northern Queensland,70–74,"2,741","9,671",28.3,2018-2021
Qld,PHN307,Northern Queensland,25–74,"116,703","185,967",62.8,2018-2021
WA,PHN501,Perth North,25–29,"30,299","40,506",74.8,2018-2021
WA,PHN501,Perth North,30–34,"29,728","44,086",67.4,2018-2021
WA,PHN501,Perth North,35–39,"26,663","40,133",66.4,2018-2021
WA,PHN501,Perth North,40–44,"23,228","34,178",68.0,2018-2021
WA,PHN501,Perth North,45–49,"22,970","32,850",69.9,2018-2021
WA,PHN501,Perth North,50–54,"19,600","28,817",68.0,2018-2021
WA,PHN501,Perth North,55–59,"17,049","26,012",65.5,2018-2021
WA,PHN501,Perth North,60–64,"14,226","22,192",64.1,2018-2021
WA,PHN501,Perth North,65–69,"10,512","18,489",56.9,2018-2021
WA,PHN501,Perth North,70–74,"4,935","15,564",31.7,2018-2021
WA,PHN501,Perth North,25–74,"199,209","302,828",65.8,2018-2021
WA,PHN502,Perth South,25–29,"26,111","37,110",70.4,2018-2021
WA,PHN502,Perth South,30–34,"25,722","40,172",64.0,2018-2021
WA,PHN502,Perth South,35–39,"24,011","37,673",63.7,2018-2021
WA,PHN502,Perth South,40–44,"19,832","31,172",63.6,2018-2021
WA,PHN502,Perth South,45–49,"19,024","29,088",65.4,2018-2021
WA,PHN502,Perth South,50–54,"16,543","25,724",64.3,2018-2021
WA,PHN502,Perth South,55–59,"14,692","23,716",62.0,2018-2021
WA,PHN502,Perth South,60–64,"12,412","20,698",60.0,2018-2021
WA,PHN502,Perth South,65–69,"9,560","17,617",54.3,2018-2021
WA,PHN502,Perth South,70–74,"4,349","14,593",29.8,2018-2021
WA,PHN502,Perth South,25–74,"172,258","277,564",62.1,2018-2021
WA,PHN503,Country WA,25–29,"10,894","16,552",65.8,2018-2021
WA,PHN503,Country WA,30–34,"10,616","18,453",57.5,2018-2021
WA,PHN503,Country WA,35–39,"10,382","17,622",58.9,2018-2021
WA,PHN503,Country WA,40–44,"9,240","15,598",59.2,2018-2021
WA,PHN503,Country WA,45–49,"9,319","15,596",59.8,2018-2021
WA,PHN503,Country WA,50–54,"8,356","14,476",57.7,2018-2021
WA,PHN503,Country WA,55–59,"7,981","14,051",56.8,2018-2021
WA,PHN503,Country WA,60–64,"6,709","12,356",54.3,2018-2021
WA,PHN503,Country WA,65–69,"5,021","10,012",50.1,2018-2021
WA,PHN503,Country WA,70–74,"2,214","8,021",27.6,2018-2021
WA,PHN503,Country WA,25–74,"80,731","142,737",56.6,2018-2021
SA,PHN401,Adelaide,25–29,"32,195","45,689",70.5,2018-2021
SA,PHN401,Adelaide,30–34,"29,718","46,013",64.6,2018-2021
SA,PHN401,Adelaide,35–39,"27,853","42,625",65.3,2018-2021
SA,PHN401,Adelaide,40–44,"24,366","36,107",67.5,2018-2021
SA,PHN401,Adelaide,45–49,"24,822","35,005",70.9,2018-2021
SA,PHN401,Adelaide,50–54,"22,169","32,459",68.3,2018-2021
SA,PHN401,Adelaide,55–59,"21,167","31,143",68.0,2018-2021
SA,PHN401,Adelaide,60–64,"18,501","27,979",66.1,2018-2021
SA,PHN401,Adelaide,65–69,"15,102","24,285",62.2,2018-2021
SA,PHN401,Adelaide,70–74,"7,816","21,543",36.3,2018-2021
SA,PHN401,Adelaide,25–74,"223,708","342,848",65.2,2018-2021
SA,PHN402,Country SA,25–29,"9,702","13,432",72.2,2018-2021
SA,PHN402,Country SA,30–34,"8,735","13,749",63.5,2018-2021
SA,PHN402,Country SA,35–39,"8,574","13,667",62.7,2018-2021
SA,PHN402,Country SA,40–44,"8,352","12,881",64.8,2018-2021
SA,PHN402,Country SA,45–49,"9,581","14,276",67.1,2018-2021
SA,PHN402,Country SA,50–54,"8,903","13,840",64.3,2018-2021
SA,PHN402,Country SA,55–59,"9,179","14,387",63.8,2018-2021
SA,PHN402,Country SA,60–64,"8,261","13,359",61.8,2018-2021
SA,PHN402,Country SA,65–69,"7,110","11,948",59.5,2018-2021
SA,PHN402,Country SA,70–74,"3,686","10,609",34.7,2018-2021
SA,PHN402,Country SA,25–74,"82,082","132,147",62.1,2018-2021
Tas,PHN601,Tasmania,25–29,"12,902","19,090",67.6,2018-2021
Tas,PHN601,Tasmania,30–34,"11,325","18,069",62.7,2018-2021
Tas,PHN601,Tasmania,35–39,"10,334","16,304",63.4,2018-2021
Tas,PHN601,Tasmania,40–44,"9,489","14,574",65.1,2018-2021
Tas,PHN601,Tasmania,45–49,"10,346","15,356",67.4,2018-2021
Tas,PHN601,Tasmania,50–54,"9,635","14,688",65.6,2018-2021
Tas,PHN601,Tasmania,55–59,"9,845","15,197",64.8,2018-2021
Tas,PHN601,Tasmania,60–64,"8,683","14,041",61.8,2018-2021
Tas,PHN601,Tasmania,65–69,"6,921","12,300",56.3,2018-2021
Tas,PHN601,Tasmania,70–74,"3,410","10,700",31.9,2018-2021
Tas,PHN601,Tasmania,25–74,"92,890","150,318",61.8,2018-2021
ACT,PHN801,Australian Capital Territory,25–29,"12,349","19,523",63.3,2018-2021
ACT,PHN801,Australian Capital Territory,30–34,"11,939","18,888",63.2,2018-2021
ACT,PHN801,Australian Capital Territory,35–39,"11,260","17,269",65.2,2018-2021
ACT,PHN801,Australian Capital Territory,40–44,"9,134","13,819",66.1,2018-2021
ACT,PHN801,Australian Capital Territory,45–49,"8,681","12,580",69.0,2018-2021
ACT,PHN801,Australian Capital Territory,50–54,"7,243","10,427",69.5,2018-2021
ACT,PHN801,Australian Capital Territory,55–59,"6,434","9,375",68.6,2018-2021
ACT,PHN801,Australian Capital Territory,60–64,"5,305","7,919",67.0,2018-2021
ACT,PHN801,Australian Capital Territory,65–69,"4,171","6,706",62.2,2018-2021
ACT,PHN801,Australian Capital Territory,70–74,"2,144","5,831",36.8,2018-2021
ACT,PHN801,Australian Capital Territory,25–74,"78,658","122,337",64.3,2018-2021
NT,PHN701,Northern Territory,25–29,"7,795","11,643",67.0,2018-2021
NT,PHN701,Northern Territory,30–34,"7,211","11,804",61.1,2018-2021
NT,PHN701,Northern Territory,35–39,"5,994","9,774",61.3,2018-2021
NT,PHN701,Northern Territory,40–44,"4,822","7,797",61.8,2018-2021
NT,PHN701,Northern Territory,45–49,"4,544","6,974",65.2,2018-2021
NT,PHN701,Northern Territory,50–54,"3,964","6,153",64.4,2018-2021
NT,PHN701,Northern Territory,55–59,"3,185","5,240",60.8,2018-2021
NT,PHN701,Northern Territory,60–64,"2,404","4,065",59.1,2018-2021
NT,PHN701,Northern Territory,65–69,"1,503","2,816",53.4,2018-2021
NT,PHN701,Northern Territory,70–74,595,"1,847",32.2,2018-2021
NT,PHN701,Northern Territory,25–74,"42,017","68,113",61.7,2018-2021