NSW,PHN101,Central and Eastern Sydney,50–54,"19,546","46,354",42.2,2014-2015
NSW,PHN101,Central and Eastern Sydney,55–59,"19,957","41,653",47.9,2014-2015
NSW,PHN101,Central and Eastern Sydney,60–64,"19,104","36,089",52.9,2014-2015
NSW,PHN101,Central and Eastern Sydney,65–69,"16,861","31,840",53.0,2014-2015
NSW,PHN101,Central and Eastern Sydney,70–74,"9,406","23,713",39.7,2014-2015
NSW,PHN101,Central and Eastern Sydney,50–69,"75,467","155,937",48.4,2014-2015
NSW,PHN101,Central and Eastern Sydney,50–74,"84,873","179,649",47.2,2014-2015
NSW,PHN102,Northern Sydney,50–54,"14,251","31,613",45.1,2014-2015
NSW,PHN102,Northern Sydney,55–59,"14,012","27,613",50.7,2014-2015
NSW,PHN102,Northern Sydney,60–64,"13,666","24,362",56.1,2014-2015
NSW,PHN102,Northern Sydney,65–69,"12,558","22,025",57.0,2014-2015
NSW,PHN102,Northern Sydney,70–74,"7,836","16,735",46.8,2014-2015
NSW,PHN102,Northern Sydney,50–69,"54,487","105,612",51.6,2014-2015
NSW,PHN102,Northern Sydney,50–74,"62,323","122,347",50.9,2014-2015
NSW,PHN103,Western Sydney,50–54,"10,855","28,174",38.5,2014-2015
NSW,PHN103,Western Sydney,55–59,"11,556","25,514",45.3,2014-2015
NSW,PHN103,Western Sydney,60–64,"11,075","21,743",50.9,2014-2015
NSW,PHN103,Western Sydney,65–69,"9,214","18,020",51.1,2014-2015
NSW,PHN103,Western Sydney,70–74,"5,242","12,725",41.2,2014-2015
NSW,PHN103,Western Sydney,50–69,"42,700","93,452",45.7,2014-2015
NSW,PHN103,Western Sydney,50–74,"47,942","106,177",45.2,2014-2015
NSW,PHN104,Nepean Blue Mountains,50–54,"4,918","12,767",38.5,2014-2015
NSW,PHN104,Nepean Blue Mountains,55–59,"5,663","12,094",46.8,2014-2015
NSW,PHN104,Nepean Blue Mountains,60–64,"5,465","10,687",51.1,2014-2015
NSW,PHN104,Nepean Blue Mountains,65–69,"4,719","9,112",51.8,2014-2015
NSW,PHN104,Nepean Blue Mountains,70–74,"2,673","6,175",43.3,2014-2015
NSW,PHN104,Nepean Blue Mountains,50–69,"20,765","44,660",46.5,2014-2015
NSW,PHN104,Nepean Blue Mountains,50–74,"23,439","50,835",46.1,2014-2015
NSW,PHN105,South Western Sydney,50–54,"12,696","31,329",40.5,2014-2015
NSW,PHN105,South Western Sydney,55–59,"12,879","28,804",44.7,2014-2015
NSW,PHN105,South Western Sydney,60–64,"11,846","24,078",49.2,2014-2015
NSW,PHN105,South Western Sydney,65–69,"9,847","19,775",49.8,2014-2015
NSW,PHN105,South Western Sydney,70–74,"4,665","14,183",32.9,2014-2015
NSW,PHN105,South Western Sydney,50–69,"47,268","103,986",45.5,2014-2015
NSW,PHN105,South Western Sydney,50–74,"51,933","118,168",43.9,2014-2015
NSW,PHN106,South Eastern NSW,50–54,"9,457","21,520",43.9,2014-2015
NSW,PHN106,South Eastern NSW,55–59,"11,227","20,840",53.9,2014-2015
NSW,PHN106,South Eastern NSW,60–64,"11,627","19,370",60.0,2014-2015
NSW,PHN106,South Eastern NSW,65–69,"10,949","17,668",62.0,2014-2015
NSW,PHN106,South Eastern NSW,70–74,"6,487","14,165",45.8,2014-2015
NSW,PHN106,South Eastern NSW,50–69,"43,260","79,398",54.5,2014-2015
NSW,PHN106,South Eastern NSW,50–74,"49,747","93,562",53.2,2014-2015
NSW,PHN107,Western NSW,50–54,"5,112","10,375",49.3,2014-2015
NSW,PHN107,Western NSW,55–59,"5,396","9,845",54.8,2014-2015
NSW,PHN107,Western NSW,60–64,"5,284","8,907",59.3,2014-2015
NSW,PHN107,Western NSW,65–69,"4,914","8,303",59.2,2014-2015
NSW,PHN107,Western NSW,70–74,"3,334","6,634",50.3,2014-2015
NSW,PHN107,Western NSW,50–69,"20,706","37,429",55.3,2014-2015
NSW,PHN107,Western NSW,50–74,"24,039","44,063",54.6,2014-2015
NSW,PHN108,Hunter New England and Central Coast,50–54,"21,703","42,559",51.0,2014-2015
NSW,PHN108,Hunter New England and Central Coast,55–59,"22,916","41,072",55.8,2014-2015
NSW,PHN108,Hunter New England and Central Coast,60–64,"23,633","37,937",62.3,2014-2015
NSW,PHN108,Hunter New England and Central Coast,65–69,"22,719","36,578",62.1,2014-2015
NSW,PHN108,Hunter New England and Central Coast,70–74,"15,424","28,547",54.0,2014-2015
NSW,PHN108,Hunter New England and Central Coast,50–69,"90,971","158,145",57.5,2014-2015
NSW,PHN108,Hunter New England and Central Coast,50–74,"106,395","186,692",57.0,2014-2015
NSW,PHN109,North Coast,50–54,"9,727","19,462",50.0,2014-2015
NSW,PHN109,North Coast,55–59,"10,933","19,923",54.9,2014-2015
NSW,PHN109,North Coast,60–64,"11,624","18,153",64.0,2014-2015
NSW,PHN109,North Coast,65–69,"10,939","16,668",65.6,2014-2015
NSW,PHN109,North Coast,70–74,"7,456","13,330",55.9,2014-2015
NSW,PHN109,North Coast,50–69,"43,222","74,206",58.2,2014-2015
NSW,PHN109,North Coast,50–74,"50,678","87,536",57.9,2014-2015
NSW,PHN110,Murrumbidgee,50–54,"4,005","8,137",49.2,2014-2015
NSW,PHN110,Murrumbidgee,55–59,"4,476","7,725",57.9,2014-2015
NSW,PHN110,Murrumbidgee,60–64,"4,504","7,326",61.5,2014-2015
NSW,PHN110,Murrumbidgee,65–69,"4,282","6,522",65.7,2014-2015
NSW,PHN110,Murrumbidgee,70–74,"3,127","5,441",57.5,2014-2015
NSW,PHN110,Murrumbidgee,50–69,"17,267","29,710",58.1,2014-2015
NSW,PHN110,Murrumbidgee,50–74,"20,394","35,151",58.0,2014-2015
Vic,PHN201,North Western Melbourne,50–54,"23,316","46,569",50.1,2014-2015
Vic,PHN201,North Western Melbourne,55–59,"21,236","41,541",51.1,2014-2015
Vic,PHN201,North Western Melbourne,60–64,"19,349","34,869",55.5,2014-2015
Vic,PHN201,North Western Melbourne,65–69,"16,239","29,074",55.9,2014-2015
Vic,PHN201,North Western Melbourne,70–74,"8,470","21,108",40.1,2014-2015
Vic,PHN201,North Western Melbourne,50–69,"80,141","152,053",52.7,2014-2015
Vic,PHN201,North Western Melbourne,50–74,"88,610","173,161",51.2,2014-2015
Vic,PHN202,Eastern Melbourne,50–54,"26,865","50,788",52.9,2014-2015
Vic,PHN202,Eastern Melbourne,55–59,"24,402","46,538",52.4,2014-2015
Vic,PHN202,Eastern Melbourne,60–64,"23,898","40,836",58.5,2014-2015
Vic,PHN202,Eastern Melbourne,65–69,"21,252","36,388",58.4,2014-2015
Vic,PHN202,Eastern Melbourne,70–74,"12,295","27,828",44.2,2014-2015
Vic,PHN202,Eastern Melbourne,50–69,"96,416","174,550",55.2,2014-2015
Vic,PHN202,Eastern Melbourne,50–74,"108,712","202,378",53.7,2014-2015
Vic,PHN203,South Eastern Melbourne,50–54,"22,736","46,993",48.4,2014-2015
Vic,PHN203,South Eastern Melbourne,55–59,"20,873","42,735",48.8,2014-2015
Vic,PHN203,South Eastern Melbourne,60–64,"20,267","37,879",53.5,2014-2015
Vic,PHN203,South Eastern Melbourne,65–69,"18,713","34,409",54.4,2014-2015
Vic,PHN203,South Eastern Melbourne,70–74,"9,943","25,392",39.2,2014-2015
Vic,PHN203,South Eastern Melbourne,50–69,"82,588","162,016",51.0,2014-2015
Vic,PHN203,South Eastern Melbourne,50–74,"92,531","187,408",49.4,2014-2015
Vic,PHN204,Gippsland,50–54,"4,895","9,446",51.8,2014-2015
Vic,PHN204,Gippsland,55–59,"5,237","9,744",53.8,2014-2015
Vic,PHN204,Gippsland,60–64,"5,734","9,399",61.0,2014-2015
Vic,PHN204,Gippsland,65–69,"5,449","8,934",61.0,2014-2015
Vic,PHN204,Gippsland,70–74,"3,059","6,670",45.9,2014-2015
Vic,PHN204,Gippsland,50–69,"21,316","37,523",56.8,2014-2015
Vic,PHN204,Gippsland,50–74,"24,375","44,193",55.2,2014-2015
Vic,PHN205,Murray,50–54,"10,934","20,812",52.5,2014-2015
Vic,PHN205,Murray,55–59,"11,095","20,090",55.2,2014-2015
Vic,PHN205,Murray,60–64,"11,704","18,723",62.5,2014-2015
Vic,PHN205,Murray,65–69,"10,749","16,942",63.4,2014-2015
Vic,PHN205,Murray,70–74,"6,420","13,085",49.1,2014-2015
Vic,PHN205,Murray,50–69,"44,482","76,568",58.1,2014-2015
Vic,PHN205,Murray,50–74,"50,901","89,653",56.8,2014-2015
Vic,PHN206,Western Victoria,50–54,"11,547","21,395",54.0,2014-2015
Vic,PHN206,Western Victoria,55–59,"11,322","20,774",54.5,2014-2015
Vic,PHN206,Western Victoria,60–64,"11,694","19,387",60.3,2014-2015
Vic,PHN206,Western Victoria,65–69,"10,769","17,652",61.0,2014-2015
Vic,PHN206,Western Victoria,70–74,"6,114","13,560",45.1,2014-2015
Vic,PHN206,Western Victoria,50–69,"45,332","79,207",57.2,2014-2015
Vic,PHN206,Western Victoria,50–74,"51,446","92,767",55.5,2014-2015
Qld,PHN301,Brisbane North,50–54,"14,922","30,416",49.1,2014-2015
Qld,PHN301,Brisbane North,55–59,"14,438","26,810",53.9,2014-2015
Qld,PHN301,Brisbane North,60–64,"14,048","24,387",57.6,2014-2015
Qld,PHN301,Brisbane North,65–69,"12,891","21,772",59.2,2014-2015
Qld,PHN301,Brisbane North,70–74,"8,399","15,792",53.2,2014-2015
Qld,PHN301,Brisbane North,50–69,"56,299","103,385",54.5,2014-2015
Qld,PHN301,Brisbane North,50–74,"64,698","119,177",54.3,2014-2015
Qld,PHN302,Brisbane South,50–54,"18,415","35,439",52.0,2014-2015
Qld,PHN302,Brisbane South,55–59,"17,874","31,864",56.1,2014-2015
Qld,PHN302,Brisbane South,60–64,"16,160","27,657",58.4,2014-2015
Qld,PHN302,Brisbane South,65–69,"13,821","23,215",59.5,2014-2015
Qld,PHN302,Brisbane South,70–74,"8,631","16,315",52.9,2014-2015
Qld,PHN302,Brisbane South,50–69,"66,270","118,175",56.1,2014-2015
Qld,PHN302,Brisbane South,50–74,"74,902","134,489",55.7,2014-2015
Qld,PHN303,Gold Coast,50–54,"9,499","19,216",49.4,2014-2015
Qld,PHN303,Gold Coast,55–59,"9,650","17,912",53.9,2014-2015
Qld,PHN303,Gold Coast,60–64,"9,514","16,008",59.4,2014-2015
Qld,PHN303,Gold Coast,65–69,"9,074","15,198",59.7,2014-2015
Qld,PHN303,Gold Coast,70–74,"5,902","11,061",53.4,2014-2015
Qld,PHN303,Gold Coast,50–69,"37,737","68,333",55.2,2014-2015
Qld,PHN303,Gold Coast,50–74,"43,639","79,394",55.0,2014-2015
Qld,PHN304,Darling Downs and West Moreton,50–54,"9,019","17,777",50.7,2014-2015
Qld,PHN304,Darling Downs and West Moreton,55–59,"9,350","16,209",57.7,2014-2015
Qld,PHN304,Darling Downs and West Moreton,60–64,"9,076","14,762",61.5,2014-2015
Qld,PHN304,Darling Downs and West Moreton,65–69,"8,039","13,431",59.9,2014-2015
Qld,PHN304,Darling Downs and West Moreton,70–74,"5,636","10,231",55.1,2014-2015
Qld,PHN304,Darling Downs and West Moreton,50–69,"35,485","62,179",57.1,2014-2015
Qld,PHN304,Darling Downs and West Moreton,50–74,"41,120","72,410",56.8,2014-2015
Qld,PHN305,Western Queensland,50–54,"1,240","2,239",55.4,2014-2015
Qld,PHN305,Western Queensland,55–59,"1,068","1,931",55.3,2014-2015
Qld,PHN305,Western Queensland,60–64,932,"1,496",62.3,2014-2015
Qld,PHN305,Western Queensland,65–69,675,"1,219",55.4,2014-2015
Qld,PHN305,Western Queensland,70–74,516,889,58.1,2014-2015
Qld,PHN305,Western Queensland,50–69,"3,916","6,884",56.9,2014-2015
Qld,PHN305,Western Queensland,50–74,"4,432","7,773",57.0,2014-2015
Qld,PHN306,"Central Queensland, Wide Bay, Sunshine Coast",50–54,"15,343","30,286",50.7,2014-2015
Qld,PHN306,"Central Queensland, Wide Bay, Sunshine Coast",55–59,"16,021","28,426",56.4,2014-2015
Qld,PHN306,"Central Queensland, Wide Bay, Sunshine Coast",60–64,"16,351","26,278",62.2,2014-2015
Qld,PHN306,"Central Queensland, Wide Bay, Sunshine Coast",65–69,"15,770","25,001",63.1,2014-2015
Qld,PHN306,"Central Queensland, Wide Bay, Sunshine Coast",70–74,"10,897","19,346",56.3,2014-2015
Qld,PHN306,"Central Queensland, Wide Bay, Sunshine Coast",50–69,"63,485","109,991",57.7,2014-2015
Qld,PHN306,"Central Queensland, Wide Bay, Sunshine Coast",50–74,"74,382","129,337",57.5,2014-2015
Qld,PHN307,Northern Queensland,50–54,"13,544","23,746",57.0,2014-2015
Qld,PHN307,Northern Queensland,55–59,"13,228","21,046",62.9,2014-2015
Qld,PHN307,Northern Queensland,60–64,"11,599","17,208",67.4,2014-2015
Qld,PHN307,Northern Queensland,65–69,"9,684","14,168",68.4,2014-2015
Qld,PHN307,Northern Queensland,70–74,"6,245","10,428",59.9,2014-2015
Qld,PHN307,Northern Queensland,50–69,"48,055","76,167",63.1,2014-2015
Qld,PHN307,Northern Queensland,50–74,"54,300","86,596",62.7,2014-2015
WA,PHN501,Perth North,50–54,"17,845","34,686",51.4,2014-2015
WA,PHN501,Perth North,55–59,"16,958","31,273",54.2,2014-2015
WA,PHN501,Perth North,60–64,"16,282","27,163",59.9,2014-2015
WA,PHN501,Perth North,65–69,"13,829","23,071",59.9,2014-2015
WA,PHN501,Perth North,70–74,"9,565","16,658",57.4,2014-2015
WA,PHN501,Perth North,50–69,"64,914","116,193",55.9,2014-2015
WA,PHN501,Perth North,50–74,"74,479","132,851",56.1,2014-2015
WA,PHN502,Perth South,50–54,"15,122","31,273",48.4,2014-2015
WA,PHN502,Perth South,55–59,"14,907","28,400",52.5,2014-2015
WA,PHN502,Perth South,60–64,"14,366","25,240",56.9,2014-2015
WA,PHN502,Perth South,65–69,"12,632","21,287",59.3,2014-2015
WA,PHN502,Perth South,70–74,"8,829","15,541",56.8,2014-2015
WA,PHN502,Perth South,50–69,"57,028","106,200",53.7,2014-2015
WA,PHN502,Perth South,50–74,"65,857","121,742",54.1,2014-2015
WA,PHN503,Country WA,50–54,"8,538","17,928",47.6,2014-2015
WA,PHN503,Country WA,55–59,"8,817","16,760",52.6,2014-2015
WA,PHN503,Country WA,60–64,"8,290","14,013",59.2,2014-2015
WA,PHN503,Country WA,65–69,"7,168","11,588",61.9,2014-2015
WA,PHN503,Country WA,70–74,"4,445","8,475",52.4,2014-2015
WA,PHN503,Country WA,50–69,"32,813","60,288",54.4,2014-2015
WA,PHN503,Country WA,50–74,"37,258","68,763",54.2,2014-2015
SA,PHN401,Adelaide,50–54,"21,768","41,090",53.0,2014-2015
SA,PHN401,Adelaide,55–59,"22,104","38,700",57.1,2014-2015
SA,PHN401,Adelaide,60–64,"22,210","35,134",63.2,2014-2015
SA,PHN401,Adelaide,65–69,"20,288","31,734",63.9,2014-2015
SA,PHN401,Adelaide,70–74,"11,977","23,525",50.9,2014-2015
SA,PHN401,Adelaide,50–69,"86,370","146,658",58.9,2014-2015
SA,PHN401,Adelaide,50–74,"98,347","170,183",57.8,2014-2015
SA,PHN402,Country SA,50–54,"8,862","17,468",50.7,2014-2015
SA,PHN402,Country SA,55–59,"9,993","17,224",58.0,2014-2015
SA,PHN402,Country SA,60–64,"10,317","16,141",63.9,2014-2015
SA,PHN402,Country SA,65–69,"10,146","15,093",67.2,2014-2015
SA,PHN402,Country SA,70–74,"6,097","11,351",53.7,2014-2015
SA,PHN402,Country SA,50–69,"39,318","65,927",59.6,2014-2015
SA,PHN402,Country SA,50–74,"45,415","77,278",58.8,2014-2015
Tas,PHN601,Tasmania,50–54,"9,603","18,870",50.9,2014-2015
Tas,PHN601,Tasmania,55–59,"10,468","18,482",56.6,2014-2015
Tas,PHN601,Tasmania,60–64,"10,632","17,059",62.3,2014-2015
Tas,PHN601,Tasmania,65–69,"10,030","15,386",65.2,2014-2015
Tas,PHN601,Tasmania,70–74,"5,961","11,435",52.1,2014-2015
Tas,PHN601,Tasmania,50–69,"40,733","69,797",58.4,2014-2015
Tas,PHN601,Tasmania,50–74,"46,694","81,232",57.5,2014-2015
ACT,PHN801,Australian Capital Territory,50–54,"5,847","12,518",46.7,2014-2015
ACT,PHN801,Australian Capital Territory,55–59,"6,104","11,316",53.9,2014-2015
ACT,PHN801,Australian Capital Territory,60–64,"5,920","9,755",60.7,2014-2015
ACT,PHN801,Australian Capital Territory,65–69,"5,282","8,417",62.8,2014-2015
ACT,PHN801,Australian Capital Territory,70–74,"2,837","5,820",48.7,2014-2015
ACT,PHN801,Australian Capital Territory,50–69,"23,153","42,006",55.1,2014-2015
ACT,PHN801,Australian Capital Territory,50–74,"25,990","47,826",54.3,2014-2015
NT,PHN701,Northern Territory,50–54,"2,393","7,305",32.8,2014-2015
NT,PHN701,Northern Territory,55–59,"2,487","6,457",38.5,2014-2015
NT,PHN701,Northern Territory,60–64,"2,004","4,901",40.9,2014-2015
NT,PHN701,Northern Territory,65–69,"1,353","3,192",42.4,2014-2015
NT,PHN701,Northern Territory,70–74,495,"1,986",24.9,2014-2015
NT,PHN701,Northern Territory,50–69,"8,237","21,855",37.7,2014-2015
NT,PHN701,Northern Territory,50–74,"8,732","23,841",36.6,2014-2015
NSW,PHN101,Central and Eastern Sydney,50–54,"21,572","47,032",45.9,2015-2016
NSW,PHN101,Central and Eastern Sydney,55–59,"20,959","42,624",49.2,2015-2016
NSW,PHN101,Central and Eastern Sydney,60–64,"19,920","37,104",53.7,2015-2016
NSW,PHN101,Central and Eastern Sydney,65–69,"17,882","32,414",55.2,2015-2016
NSW,PHN101,Central and Eastern Sydney,70–74,"12,131","24,509",49.5,2015-2016
NSW,PHN101,Central and Eastern Sydney,50–69,"80,333","159,173",50.5,2015-2016
NSW,PHN101,Central and Eastern Sydney,50–74,"92,464","183,682",50.3,2015-2016
NSW,PHN102,Northern Sydney,50–54,"15,122","31,518",48.0,2015-2016
NSW,PHN102,Northern Sydney,55–59,"14,205","27,858",51.0,2015-2016
NSW,PHN102,Northern Sydney,60–64,"13,902","24,242",57.3,2015-2016
NSW,PHN102,Northern Sydney,65–69,"13,000","22,127",58.7,2015-2016
NSW,PHN102,Northern Sydney,70–74,"9,203","17,043",54.0,2015-2016
NSW,PHN102,Northern Sydney,50–69,"56,228","105,745",53.2,2015-2016
NSW,PHN102,Northern Sydney,50–74,"65,431","122,788",53.3,2015-2016
NSW,PHN103,Western Sydney,50–54,"12,360","27,884",44.3,2015-2016
NSW,PHN103,Western Sydney,55–59,"11,780","25,545",46.1,2015-2016
NSW,PHN103,Western Sydney,60–64,"11,536","21,748",53.0,2015-2016
NSW,PHN103,Western Sydney,65–69,"9,563","18,345",52.1,2015-2016
NSW,PHN103,Western Sydney,70–74,"6,068","12,942",46.9,2015-2016
NSW,PHN103,Western Sydney,50–69,"45,240","93,522",48.4,2015-2016
NSW,PHN103,Western Sydney,50–74,"51,308","106,464",48.2,2015-2016
NSW,PHN104,Nepean Blue Mountains,50–54,"5,616","12,438",45.2,2015-2016
NSW,PHN104,Nepean Blue Mountains,55–59,"5,674","12,224",46.4,2015-2016
NSW,PHN104,Nepean Blue Mountains,60–64,"5,648","10,628",53.1,2015-2016
NSW,PHN104,Nepean Blue Mountains,65–69,"5,011","9,334",53.7,2015-2016
NSW,PHN104,Nepean Blue Mountains,70–74,"3,045","6,462",47.1,2015-2016
NSW,PHN104,Nepean Blue Mountains,50–69,"21,950","44,625",49.2,2015-2016
NSW,PHN104,Nepean Blue Mountains,50–74,"24,995","51,086",48.9,2015-2016
NSW,PHN105,South Western Sydney,50–54,"12,881","31,060",41.5,2015-2016
NSW,PHN105,South Western Sydney,55–59,"13,320","29,163",45.7,2015-2016
NSW,PHN105,South Western Sydney,60–64,"12,476","24,679",50.6,2015-2016
NSW,PHN105,South Western Sydney,65–69,"10,436","20,553",50.8,2015-2016
NSW,PHN105,South Western Sydney,70–74,"5,893","14,435",40.8,2015-2016
NSW,PHN105,South Western Sydney,50–69,"49,114","105,456",46.6,2015-2016
NSW,PHN105,South Western Sydney,50–74,"55,007","119,891",45.9,2015-2016
NSW,PHN106,South Eastern NSW,50–54,"10,630","21,214",50.1,2015-2016
NSW,PHN106,South Eastern NSW,55–59,"11,900","21,400",55.6,2015-2016
NSW,PHN106,South Eastern NSW,60–64,"12,500","20,038",62.4,2015-2016
NSW,PHN106,South Eastern NSW,65–69,"11,618","18,300",63.5,2015-2016
NSW,PHN106,South Eastern NSW,70–74,"8,078","14,564",55.5,2015-2016
NSW,PHN106,South Eastern NSW,50–69,"46,649","80,952",57.6,2015-2016
NSW,PHN106,South Eastern NSW,50–74,"54,727","95,517",57.3,2015-2016
NSW,PHN107,Western NSW,50–54,"5,132","10,337",49.6,2015-2016
NSW,PHN107,Western NSW,55–59,"5,467","10,155",53.8,2015-2016
NSW,PHN107,Western NSW,60–64,"5,425","9,040",60.0,2015-2016
NSW,PHN107,Western NSW,65–69,"5,059","8,505",59.5,2015-2016
NSW,PHN107,Western NSW,70–74,"3,536","6,704",52.7,2015-2016
NSW,PHN107,Western NSW,50–69,"21,084","38,037",55.4,2015-2016
NSW,PHN107,Western NSW,50–74,"24,619","44,741",55.0,2015-2016
NSW,PHN108,Hunter New England and Central Coast,50–54,"21,729","42,043",51.7,2015-2016
NSW,PHN108,Hunter New England and Central Coast,55–59,"23,552","41,931",56.2,2015-2016
NSW,PHN108,Hunter New England and Central Coast,60–64,"24,618","38,591",63.8,2015-2016
NSW,PHN108,Hunter New England and Central Coast,65–69,"23,638","37,184",63.6,2015-2016
NSW,PHN108,Hunter New England and Central Coast,70–74,"16,694","29,450",56.7,2015-2016
NSW,PHN108,Hunter New England and Central Coast,50–69,"93,536","159,749",58.6,2015-2016
NSW,PHN108,Hunter New England and Central Coast,50–74,"110,231","189,199",58.3,2015-2016
NSW,PHN109,North Coast,50–54,"9,285","18,957",49.0,2015-2016
NSW,PHN109,North Coast,55–59,"11,220","20,242",55.4,2015-2016
NSW,PHN109,North Coast,60–64,"11,814","19,133",61.7,2015-2016
NSW,PHN109,North Coast,65–69,"11,297","17,632",64.1,2015-2016
NSW,PHN109,North Coast,70–74,"7,928","13,944",56.9,2015-2016
NSW,PHN109,North Coast,50–69,"43,617","75,965",57.4,2015-2016
NSW,PHN109,North Coast,50–74,"51,545","89,909",57.3,2015-2016
NSW,PHN110,Murrumbidgee,50–54,"3,903","7,978",48.9,2015-2016
NSW,PHN110,Murrumbidgee,55–59,"4,588","8,132",56.4,2015-2016
NSW,PHN110,Murrumbidgee,60–64,"4,559","7,381",61.8,2015-2016
NSW,PHN110,Murrumbidgee,65–69,"4,470","6,854",65.2,2015-2016
NSW,PHN110,Murrumbidgee,70–74,"3,201","5,550",57.7,2015-2016
NSW,PHN110,Murrumbidgee,50–69,"17,521","30,345",57.7,2015-2016
NSW,PHN110,Murrumbidgee,50–74,"20,722","35,894",57.7,2015-2016
Vic,PHN201,North Western Melbourne,50–54,"24,779","48,073",51.5,2015-2016
Vic,PHN201,North Western Melbourne,55–59,"21,926","43,453",50.5,2015-2016
Vic,PHN201,North Western Melbourne,60–64,"19,963","36,698",54.4,2015-2016
Vic,PHN201,North Western Melbourne,65–69,"17,196","31,067",55.4,2015-2016
Vic,PHN201,North Western Melbourne,70–74,"9,845","22,053",44.6,2015-2016
Vic,PHN201,North Western Melbourne,50–69,"83,864","159,290",52.6,2015-2016
Vic,PHN201,North Western Melbourne,50–74,"93,710","181,343",51.7,2015-2016
Vic,PHN202,Eastern Melbourne,50–54,"27,204","50,875",53.5,2015-2016
Vic,PHN202,Eastern Melbourne,55–59,"24,463","46,718",52.4,2015-2016
Vic,PHN202,Eastern Melbourne,60–64,"24,320","41,117",59.1,2015-2016
Vic,PHN202,Eastern Melbourne,65–69,"21,881","37,135",58.9,2015-2016
Vic,PHN202,Eastern Melbourne,70–74,"14,148","28,360",49.9,2015-2016
Vic,PHN202,Eastern Melbourne,50–69,"97,868","175,846",55.7,2015-2016
Vic,PHN202,Eastern Melbourne,50–74,"112,016","204,207",54.9,2015-2016
Vic,PHN203,South Eastern Melbourne,50–54,"23,721","47,866",49.6,2015-2016
Vic,PHN203,South Eastern Melbourne,55–59,"21,600","44,310",48.7,2015-2016
Vic,PHN203,South Eastern Melbourne,60–64,"21,286","38,835",54.8,2015-2016
Vic,PHN203,South Eastern Melbourne,65–69,"20,217","35,801",56.5,2015-2016
Vic,PHN203,South Eastern Melbourne,70–74,"12,390","26,711",46.4,2015-2016
Vic,PHN203,South Eastern Melbourne,50–69,"86,825","166,812",52.0,2015-2016
Vic,PHN203,South Eastern Melbourne,50–74,"99,215","193,523",51.3,2015-2016
Vic,PHN204,Gippsland,50–54,"5,020","9,650",52.0,2015-2016
Vic,PHN204,Gippsland,55–59,"5,501","10,175",54.1,2015-2016
Vic,PHN204,Gippsland,60–64,"5,935","9,892",60.0,2015-2016
Vic,PHN204,Gippsland,65–69,"5,859","9,476",61.8,2015-2016
Vic,PHN204,Gippsland,70–74,"3,732","7,084",52.7,2015-2016
Vic,PHN204,Gippsland,50–69,"22,314","39,192",56.9,2015-2016
Vic,PHN204,Gippsland,50–74,"26,046","46,276",56.3,2015-2016
Vic,PHN205,Murray,50–54,"10,782","20,973",51.4,2015-2016
Vic,PHN205,Murray,55–59,"11,122","20,963",53.1,2015-2016
Vic,PHN205,Murray,60–64,"11,606","19,631",59.1,2015-2016
Vic,PHN205,Murray,65–69,"11,107","18,019",61.6,2015-2016
Vic,PHN205,Murray,70–74,"7,288","13,829",52.7,2015-2016
Vic,PHN205,Murray,50–69,"44,617","79,586",56.1,2015-2016
Vic,PHN205,Murray,50–74,"51,905","93,415",55.6,2015-2016
Vic,PHN206,Western Victoria,50–54,"11,777","21,659",54.4,2015-2016
Vic,PHN206,Western Victoria,55–59,"11,414","21,463",53.2,2015-2016
Vic,PHN206,Western Victoria,60–64,"12,194","20,169",60.5,2015-2016
Vic,PHN206,Western Victoria,65–69,"11,591","18,668",62.1,2015-2016
Vic,PHN206,Western Victoria,70–74,"7,506","14,142",53.1,2015-2016
Vic,PHN206,Western Victoria,50–69,"46,976","81,958",57.3,2015-2016
Vic,PHN206,Western Victoria,50–74,"54,482","96,101",56.7,2015-2016
Qld,PHN301,Brisbane North,50–54,"15,106","30,694",49.2,2015-2016
Qld,PHN301,Brisbane North,55–59,"14,678","27,606",53.2,2015-2016
Qld,PHN301,Brisbane North,60–64,"14,086","24,749",56.9,2015-2016
Qld,PHN301,Brisbane North,65–69,"13,372","22,772",58.7,2015-2016
Qld,PHN301,Brisbane North,70–74,"9,108","16,555",55.0,2015-2016
Qld,PHN301,Brisbane North,50–69,"57,242","105,821",54.1,2015-2016
Qld,PHN301,Brisbane North,50–74,"66,350","122,376",54.2,2015-2016
Qld,PHN302,Brisbane South,50–54,"18,159","35,721",50.8,2015-2016
Qld,PHN302,Brisbane South,55–59,"17,908","32,381",55.3,2015-2016
Qld,PHN302,Brisbane South,60–64,"16,323","27,988",58.3,2015-2016
Qld,PHN302,Brisbane South,65–69,"14,407","24,283",59.3,2015-2016
Qld,PHN302,Brisbane South,70–74,"9,332","17,192",54.3,2015-2016
Qld,PHN302,Brisbane South,50–69,"66,797","120,373",55.5,2015-2016
Qld,PHN302,Brisbane South,50–74,"76,128","137,565",55.3,2015-2016
Qld,PHN303,Gold Coast,50–54,"9,372","19,640",47.7,2015-2016
Qld,PHN303,Gold Coast,55–59,"9,740","18,434",52.8,2015-2016
Qld,PHN303,Gold Coast,60–64,"9,509","16,447",57.8,2015-2016
Qld,PHN303,Gold Coast,65–69,"9,389","15,657",60.0,2015-2016
Qld,PHN303,Gold Coast,70–74,"6,516","11,754",55.4,2015-2016
Qld,PHN303,Gold Coast,50–69,"38,010","70,178",54.2,2015-2016
Qld,PHN303,Gold Coast,50–74,"44,526","81,932",54.3,2015-2016
Qld,PHN304,Darling Downs and West Moreton,50–54,"8,977","17,938",50.0,2015-2016
Qld,PHN304,Darling Downs and West Moreton,55–59,"9,353","16,970",55.1,2015-2016
Qld,PHN304,Darling Downs and West Moreton,60–64,"9,146","15,101",60.6,2015-2016
Qld,PHN304,Darling Downs and West Moreton,65–69,"8,329","13,709",60.8,2015-2016
Qld,PHN304,Darling Downs and West Moreton,70–74,"5,932","10,559",56.2,2015-2016
Qld,PHN304,Darling Downs and West Moreton,50–69,"35,805","63,718",56.2,2015-2016
Qld,PHN304,Darling Downs and West Moreton,50–74,"41,737","74,278",56.2,2015-2016
Qld,PHN305,Western Queensland,50–54,"1,217","2,211",55.0,2015-2016
Qld,PHN305,Western Queensland,55–59,"1,112","1,907",58.3,2015-2016
Qld,PHN305,Western Queensland,60–64,932,"1,507",61.8,2015-2016
Qld,PHN305,Western Queensland,65–69,675,"1,179",57.3,2015-2016
Qld,PHN305,Western Queensland,70–74,518,907,57.2,2015-2016
Qld,PHN305,Western Queensland,50–69,"3,936","6,804",57.8,2015-2016
Qld,PHN305,Western Queensland,50–74,"4,454","7,710",57.8,2015-2016
Qld,PHN306,"Central Queensland, Wide Bay, Sunshine Coast",50–54,"15,044","30,405",49.5,2015-2016
Qld,PHN306,"Central Queensland, Wide Bay, Sunshine Coast",55–59,"16,294","29,348",55.5,2015-2016
Qld,PHN306,"Central Queensland, Wide Bay, Sunshine Coast",60–64,"16,485","27,192",60.6,2015-2016
Qld,PHN306,"Central Queensland, Wide Bay, Sunshine Coast",65–69,"16,384","26,030",62.9,2015-2016
Qld,PHN306,"Central Queensland, Wide Bay, Sunshine Coast",70–74,"11,706","20,216",57.9,2015-2016
Qld,PHN306,"Central Queensland, Wide Bay, Sunshine Coast",50–69,"64,207","112,975",56.8,2015-2016
Qld,PHN306,"Central Queensland, Wide Bay, Sunshine Coast",50–74,"75,913","133,191",57.0,2015-2016
Qld,PHN307,Northern Queensland,50–54,"13,228","23,500",56.3,2015-2016
Qld,PHN307,Northern Queensland,55–59,"13,474","21,733",62.0,2015-2016
Qld,PHN307,Northern Queensland,60–64,"11,862","18,307",64.8,2015-2016
Qld,PHN307,Northern Queensland,65–69,"10,021","15,255",65.7,2015-2016
Qld,PHN307,Northern Queensland,70–74,"6,659","10,978",60.7,2015-2016
Qld,PHN307,Northern Queensland,50–69,"48,585","78,796",61.7,2015-2016
Qld,PHN307,Northern Queensland,50–74,"55,243","89,773",61.5,2015-2016
WA,PHN501,Perth North,50–54,"18,526","34,249",54.1,2015-2016
WA,PHN501,Perth North,55–59,"17,564","31,118",56.4,2015-2016
WA,PHN501,Perth North,60–64,"16,862","27,009",62.4,2015-2016
WA,PHN501,Perth North,65–69,"14,910","23,570",63.3,2015-2016
WA,PHN501,Perth North,70–74,"9,324","16,771",55.6,2015-2016
WA,PHN501,Perth North,50–69,"67,862","115,945",58.5,2015-2016
WA,PHN501,Perth North,50–74,"77,187","132,717",58.2,2015-2016
WA,PHN502,Perth South,50–54,"15,468","30,478",50.8,2015-2016
WA,PHN502,Perth South,55–59,"15,339","28,101",54.6,2015-2016
WA,PHN502,Perth South,60–64,"14,924","25,186",59.3,2015-2016
WA,PHN502,Perth South,65–69,"13,573","21,650",62.7,2015-2016
WA,PHN502,Perth South,70–74,"8,651","15,774",54.8,2015-2016
WA,PHN502,Perth South,50–69,"59,304","105,415",56.3,2015-2016
WA,PHN502,Perth South,50–74,"67,955","121,189",56.1,2015-2016
WA,PHN503,Country WA,50–54,"8,445","18,132",46.6,2015-2016
WA,PHN503,Country WA,55–59,"8,943","17,324",51.6,2015-2016
WA,PHN503,Country WA,60–64,"8,446","14,904",56.7,2015-2016
WA,PHN503,Country WA,65–69,"7,427","12,386",60.0,2015-2016
WA,PHN503,Country WA,70–74,"4,752","8,821",53.9,2015-2016
WA,PHN503,Country WA,50–69,"33,261","62,746",53.0,2015-2016
WA,PHN503,Country WA,50–74,"38,012","71,567",53.1,2015-2016
SA,PHN401,Adelaide,50–54,"21,621","40,215",53.8,2015-2016
SA,PHN401,Adelaide,55–59,"22,760","38,966",58.4,2015-2016
SA,PHN401,Adelaide,60–64,"22,369","35,018",63.9,2015-2016
SA,PHN401,Adelaide,65–69,"20,809","32,251",64.5,2015-2016
SA,PHN401,Adelaide,70–74,"13,888","24,223",57.3,2015-2016
SA,PHN401,Adelaide,50–69,"87,559","146,449",59.8,2015-2016
SA,PHN401,Adelaide,50–74,"101,447","170,672",59.4,2015-2016
SA,PHN402,Country SA,50–54,"8,915","17,800",50.1,2015-2016
SA,PHN402,Country SA,55–59,"10,282","17,837",57.6,2015-2016
SA,PHN402,Country SA,60–64,"10,473","16,726",62.6,2015-2016
SA,PHN402,Country SA,65–69,"10,549","15,831",66.6,2015-2016
SA,PHN402,Country SA,70–74,"7,230","12,155",59.5,2015-2016
SA,PHN402,Country SA,50–69,"40,219","68,193",59.0,2015-2016
SA,PHN402,Country SA,50–74,"47,449","80,348",59.1,2015-2016
Tas,PHN601,Tasmania,50–54,"9,424","18,556",50.8,2015-2016
Tas,PHN601,Tasmania,55–59,"10,786","18,808",57.3,2015-2016
Tas,PHN601,Tasmania,60–64,"10,755","17,306",62.1,2015-2016
Tas,PHN601,Tasmania,65–69,"10,236","15,980",64.1,2015-2016
Tas,PHN601,Tasmania,70–74,"6,573","11,941",55.0,2015-2016
Tas,PHN601,Tasmania,50–69,"41,201","70,650",58.3,2015-2016
Tas,PHN601,Tasmania,50–74,"47,774","82,590",57.8,2015-2016
ACT,PHN801,Australian Capital Territory,50–54,"6,224","12,438",50.0,2015-2016
ACT,PHN801,Australian Capital Territory,55–59,"6,381","11,393",56.0,2015-2016
ACT,PHN801,Australian Capital Territory,60–64,"6,030","9,842",61.3,2015-2016
ACT,PHN801,Australian Capital Territory,65–69,"5,626","8,752",64.3,2015-2016
ACT,PHN801,Australian Capital Territory,70–74,"3,254","6,089",53.4,2015-2016
ACT,PHN801,Australian Capital Territory,50–69,"24,261","42,424",57.2,2015-2016
ACT,PHN801,Australian Capital Territory,50–74,"27,515","48,513",56.7,2015-2016
NT,PHN701,Northern Territory,50–54,"2,388","7,566",31.6,2015-2016
NT,PHN701,Northern Territory,55–59,"2,517","6,601",38.1,2015-2016
NT,PHN701,Northern Territory,60–64,"2,045","5,078",40.3,2015-2016
NT,PHN701,Northern Territory,65–69,"1,444","3,361",43.0,2015-2016
NT,PHN701,Northern Territory,70–74,620,"2,020",30.7,2015-2016
NT,PHN701,Northern Territory,50–69,"8,395","22,606",37.1,2015-2016
NT,PHN701,Northern Territory,50–74,"9,015","24,626",36.6,2015-2016
NSW,PHN101,Central and Eastern Sydney,50–54,"21,698","46,521",46.6,2016-2017
NSW,PHN101,Central and Eastern Sydney,55–59,"21,324","43,337",49.2,2016-2017
NSW,PHN101,Central and Eastern Sydney,60–64,"20,506","37,987",54.0,2016-2017
NSW,PHN101,Central and Eastern Sydney,65–69,"17,953","32,809",54.7,2016-2017
NSW,PHN101,Central and Eastern Sydney,70–74,"12,323","25,922",47.5,2016-2017
NSW,PHN101,Central and Eastern Sydney,50–69,"81,480","160,653",50.7,2016-2017
NSW,PHN101,Central and Eastern Sydney,50–74,"93,803","186,575",50.3,2016-2017
NSW,PHN102,Northern Sydney,50–54,"15,100","31,279",48.3,2016-2017
NSW,PHN102,Northern Sydney,55–59,"14,378","28,054",51.3,2016-2017
NSW,PHN102,Northern Sydney,60–64,"14,039","24,284",57.8,2016-2017
NSW,PHN102,Northern Sydney,65–69,"12,860","21,885",58.8,2016-2017
NSW,PHN102,Northern Sydney,70–74,"9,489","17,997",52.7,2016-2017
NSW,PHN102,Northern Sydney,50–69,"56,376","105,502",53.4,2016-2017
NSW,PHN102,Northern Sydney,50–74,"65,865","123,498",53.3,2016-2017
NSW,PHN103,Western Sydney,50–54,"12,758","27,992",45.6,2016-2017
NSW,PHN103,Western Sydney,55–59,"12,305","26,171",47.0,2016-2017
NSW,PHN103,Western Sydney,60–64,"11,766","22,564",52.1,2016-2017
NSW,PHN103,Western Sydney,65–69,"9,977","18,938",52.7,2016-2017
NSW,PHN103,Western Sydney,70–74,"6,506","13,800",47.1,2016-2017
NSW,PHN103,Western Sydney,50–69,"46,806","95,664",48.9,2016-2017
NSW,PHN103,Western Sydney,50–74,"53,312","109,463",48.7,2016-2017
NSW,PHN104,Nepean Blue Mountains,50–54,"5,587","12,107",46.1,2016-2017
NSW,PHN104,Nepean Blue Mountains,55–59,"5,869","12,442",47.2,2016-2017
NSW,PHN104,Nepean Blue Mountains,60–64,"5,695","10,700",53.2,2016-2017
NSW,PHN104,Nepean Blue Mountains,65–69,"5,128","9,505",53.9,2016-2017
NSW,PHN104,Nepean Blue Mountains,70–74,"3,300","6,921",47.7,2016-2017
NSW,PHN104,Nepean Blue Mountains,50–69,"22,279","44,753",49.8,2016-2017
NSW,PHN104,Nepean Blue Mountains,50–74,"25,579","51,674",49.5,2016-2017
NSW,PHN105,South Western Sydney,50–54,"12,870","30,936",41.6,2016-2017
NSW,PHN105,South Western Sydney,55–59,"13,787","29,710",46.4,2016-2017
NSW,PHN105,South Western Sydney,60–64,"13,015","25,578",50.9,2016-2017
NSW,PHN105,South Western Sydney,65–69,"10,921","21,247",51.4,2016-2017
NSW,PHN105,South Western Sydney,70–74,"6,530","15,363",42.5,2016-2017
NSW,PHN105,South Western Sydney,50–69,"50,593","107,470",47.1,2016-2017
NSW,PHN105,South Western Sydney,50–74,"57,123","122,833",46.5,2016-2017
NSW,PHN106,South Eastern NSW,50–54,"10,454","20,773",50.3,2016-2017
NSW,PHN106,South Eastern NSW,55–59,"12,240","21,767",56.2,2016-2017
NSW,PHN106,South Eastern NSW,60–64,"12,640","20,406",61.9,2016-2017
NSW,PHN106,South Eastern NSW,65–69,"11,852","18,579",63.8,2016-2017
NSW,PHN106,South Eastern NSW,70–74,"8,797","15,194",57.9,2016-2017
NSW,PHN106,South Eastern NSW,50–69,"47,186","81,524",57.9,2016-2017
NSW,PHN106,South Eastern NSW,50–74,"55,983","96,717",57.9,2016-2017
NSW,PHN107,Western NSW,50–54,"5,070","10,100",50.2,2016-2017
NSW,PHN107,Western NSW,55–59,"5,464","10,300",53.0,2016-2017
NSW,PHN107,Western NSW,60–64,"5,477","9,174",59.7,2016-2017
NSW,PHN107,Western NSW,65–69,"5,150","8,453",60.9,2016-2017
NSW,PHN107,Western NSW,70–74,"3,807","6,952",54.8,2016-2017
NSW,PHN107,Western NSW,50–69,"21,162","38,027",55.6,2016-2017
NSW,PHN107,Western NSW,50–74,"24,968","44,979",55.5,2016-2017
NSW,PHN108,Hunter New England and Central Coast,50–54,"21,979","41,095",53.5,2016-2017
NSW,PHN108,Hunter New England and Central Coast,55–59,"24,361","42,726",57.0,2016-2017
NSW,PHN108,Hunter New England and Central Coast,60–64,"25,297","39,149",64.6,2016-2017
NSW,PHN108,Hunter New England and Central Coast,65–69,"24,080","37,193",64.7,2016-2017
NSW,PHN108,Hunter New England and Central Coast,70–74,"18,616","30,905",60.2,2016-2017
NSW,PHN108,Hunter New England and Central Coast,50–69,"95,716","160,162",59.8,2016-2017
NSW,PHN108,Hunter New England and Central Coast,50–74,"114,332","191,067",59.8,2016-2017
NSW,PHN109,North Coast,50–54,"9,084","18,434",49.3,2016-2017
NSW,PHN109,North Coast,55–59,"11,136","20,595",54.1,2016-2017
NSW,PHN109,North Coast,60–64,"12,135","19,567",62.0,2016-2017
NSW,PHN109,North Coast,65–69,"11,646","18,172",64.1,2016-2017
NSW,PHN109,North Coast,70–74,"8,912","14,786",60.3,2016-2017
NSW,PHN109,North Coast,50–69,"44,001","76,767",57.3,2016-2017
NSW,PHN109,North Coast,50–74,"52,914","91,553",57.8,2016-2017
NSW,PHN110,Murrumbidgee,50–54,"3,960","7,729",51.2,2016-2017
NSW,PHN110,Murrumbidgee,55–59,"4,887","8,342",58.6,2016-2017
NSW,PHN110,Murrumbidgee,60–64,"4,731","7,462",63.4,2016-2017
NSW,PHN110,Murrumbidgee,65–69,"4,542","6,976",65.1,2016-2017
NSW,PHN110,Murrumbidgee,70–74,"3,646","5,722",63.7,2016-2017
NSW,PHN110,Murrumbidgee,50–69,"18,119","30,508",59.4,2016-2017
NSW,PHN110,Murrumbidgee,50–74,"21,765","36,230",60.1,2016-2017
Vic,PHN201,North Western Melbourne,50–54,"24,713","48,811",50.6,2016-2017
Vic,PHN201,North Western Melbourne,55–59,"22,062","44,746",49.3,2016-2017
Vic,PHN201,North Western Melbourne,60–64,"20,613","37,962",54.3,2016-2017
Vic,PHN201,North Western Melbourne,65–69,"17,765","31,820",55.8,2016-2017
Vic,PHN201,North Western Melbourne,70–74,"11,334","23,481",48.3,2016-2017
Vic,PHN201,North Western Melbourne,50–69,"85,153","163,338",52.1,2016-2017
Vic,PHN201,North Western Melbourne,50–74,"96,487","186,819",51.6,2016-2017
Vic,PHN202,Eastern Melbourne,50–54,"27,237","50,677",53.7,2016-2017
Vic,PHN202,Eastern Melbourne,55–59,"25,190","47,248",53.3,2016-2017
Vic,PHN202,Eastern Melbourne,60–64,"24,705","41,870",59.0,2016-2017
Vic,PHN202,Eastern Melbourne,65–69,"22,302","37,426",59.6,2016-2017
Vic,PHN202,Eastern Melbourne,70–74,"15,962","29,770",53.6,2016-2017
Vic,PHN202,Eastern Melbourne,50–69,"99,434","177,220",56.1,2016-2017
Vic,PHN202,Eastern Melbourne,50–74,"115,396","206,989",55.7,2016-2017
Vic,PHN203,South Eastern Melbourne,50–54,"23,807","48,303",49.3,2016-2017
Vic,PHN203,South Eastern Melbourne,55–59,"22,677","45,480",49.9,2016-2017
Vic,PHN203,South Eastern Melbourne,60–64,"21,730","39,715",54.7,2016-2017
Vic,PHN203,South Eastern Melbourne,65–69,"20,426","36,342",56.2,2016-2017
Vic,PHN203,South Eastern Melbourne,70–74,"14,337","28,547",50.2,2016-2017
Vic,PHN203,South Eastern Melbourne,50–69,"88,640","169,839",52.2,2016-2017
Vic,PHN203,South Eastern Melbourne,50–74,"102,978","198,386",51.9,2016-2017
Vic,PHN204,Gippsland,50–54,"4,963","9,522",52.1,2016-2017
Vic,PHN204,Gippsland,55–59,"5,544","10,401",53.3,2016-2017
Vic,PHN204,Gippsland,60–64,"6,154","10,170",60.5,2016-2017
Vic,PHN204,Gippsland,65–69,"6,153","9,813",62.7,2016-2017
Vic,PHN204,Gippsland,70–74,"4,269","7,594",56.2,2016-2017
Vic,PHN204,Gippsland,50–69,"22,815","39,905",57.2,2016-2017
Vic,PHN204,Gippsland,50–74,"27,083","47,499",57.0,2016-2017
Vic,PHN205,Murray,50–54,"10,443","20,564",50.8,2016-2017
Vic,PHN205,Murray,55–59,"11,242","21,466",52.4,2016-2017
Vic,PHN205,Murray,60–64,"11,928","20,051",59.5,2016-2017
Vic,PHN205,Murray,65–69,"11,473","18,557",61.8,2016-2017
Vic,PHN205,Murray,70–74,"8,297","14,533",57.1,2016-2017
Vic,PHN205,Murray,50–69,"45,086","80,637",55.9,2016-2017
Vic,PHN205,Murray,50–74,"53,383","95,170",56.1,2016-2017
Vic,PHN206,Western Victoria,50–54,"11,996","21,545",55.7,2016-2017
Vic,PHN206,Western Victoria,55–59,"12,213","21,978",55.6,2016-2017
Vic,PHN206,Western Victoria,60–64,"12,596","20,663",61.0,2016-2017
Vic,PHN206,Western Victoria,65–69,"12,203","19,221",63.5,2016-2017
Vic,PHN206,Western Victoria,70–74,"8,585","15,059",57.0,2016-2017
Vic,PHN206,Western Victoria,50–69,"49,009","83,406",58.8,2016-2017
Vic,PHN206,Western Victoria,50–74,"57,593","98,465",58.5,2016-2017
Qld,PHN301,Brisbane North,50–54,"14,938","30,855",48.4,2016-2017
Qld,PHN301,Brisbane North,55–59,"14,762","28,444",51.9,2016-2017
Qld,PHN301,Brisbane North,60–64,"14,071","25,047",56.2,2016-2017
Qld,PHN301,Brisbane North,65–69,"13,510","23,272",58.1,2016-2017
Qld,PHN301,Brisbane North,70–74,"9,848","17,876",55.1,2016-2017
Qld,PHN301,Brisbane North,50–69,"57,281","107,617",53.2,2016-2017
Qld,PHN301,Brisbane North,50–74,"67,129","125,493",53.5,2016-2017
Qld,PHN302,Brisbane South,50–54,"17,584","35,655",49.3,2016-2017
Qld,PHN302,Brisbane South,55–59,"18,101","33,140",54.6,2016-2017
Qld,PHN302,Brisbane South,60–64,"16,125","28,478",56.6,2016-2017
Qld,PHN302,Brisbane South,65–69,"14,564","24,881",58.5,2016-2017
Qld,PHN302,Brisbane South,70–74,"10,013","18,436",54.3,2016-2017
Qld,PHN302,Brisbane South,50–69,"66,375","122,153",54.3,2016-2017
Qld,PHN302,Brisbane South,50–74,"76,388","140,589",54.3,2016-2017
Qld,PHN303,Gold Coast,50–54,"9,318","19,792",47.1,2016-2017
Qld,PHN303,Gold Coast,55–59,"9,871","19,111",51.7,2016-2017
Qld,PHN303,Gold Coast,60–64,"9,430","16,850",56.0,2016-2017
Qld,PHN303,Gold Coast,65–69,"9,433","15,913",59.3,2016-2017
Qld,PHN303,Gold Coast,70–74,"7,084","12,683",55.9,2016-2017
Qld,PHN303,Gold Coast,50–69,"38,053","71,666",53.1,2016-2017
Qld,PHN303,Gold Coast,50–74,"45,136","84,349",53.5,2016-2017
Qld,PHN304,Darling Downs and West Moreton,50–54,"8,723","17,974",48.5,2016-2017
Qld,PHN304,Darling Downs and West Moreton,55–59,"9,552","17,454",54.7,2016-2017
Qld,PHN304,Darling Downs and West Moreton,60–64,"9,020","15,322",58.9,2016-2017
Qld,PHN304,Darling Downs and West Moreton,65–69,"8,447","14,007",60.3,2016-2017
Qld,PHN304,Darling Downs and West Moreton,70–74,"6,189","11,103",55.7,2016-2017
Qld,PHN304,Darling Downs and West Moreton,50–69,"35,743","64,756",55.2,2016-2017
Qld,PHN304,Darling Downs and West Moreton,50–74,"41,932","75,858",55.3,2016-2017
Qld,PHN305,Western Queensland,50–54,"1,143","2,147",53.2,2016-2017
Qld,PHN305,Western Queensland,55–59,"1,111","1,922",57.8,2016-2017
Qld,PHN305,Western Queensland,60–64,894,"1,518",58.9,2016-2017
Qld,PHN305,Western Queensland,65–69,685,"1,170",58.6,2016-2017
Qld,PHN305,Western Queensland,70–74,522,908,57.5,2016-2017
Qld,PHN305,Western Queensland,50–69,"3,834","6,757",56.7,2016-2017
Qld,PHN305,Western Queensland,50–74,"4,356","7,665",56.8,2016-2017
Qld,PHN306,"Central Queensland, Wide Bay, Sunshine Coast",50–54,"14,491","29,853",48.5,2016-2017
Qld,PHN306,"Central Queensland, Wide Bay, Sunshine Coast",55–59,"16,454","30,044",54.8,2016-2017
Qld,PHN306,"Central Queensland, Wide Bay, Sunshine Coast",60–64,"16,704","27,723",60.3,2016-2017
Qld,PHN306,"Central Queensland, Wide Bay, Sunshine Coast",65–69,"16,546","26,537",62.3,2016-2017
Qld,PHN306,"Central Queensland, Wide Bay, Sunshine Coast",70–74,"12,461","21,438",58.1,2016-2017
Qld,PHN306,"Central Queensland, Wide Bay, Sunshine Coast",50–69,"64,195","114,156",56.2,2016-2017
Qld,PHN306,"Central Queensland, Wide Bay, Sunshine Coast",50–74,"76,656","135,594",56.5,2016-2017
Qld,PHN307,Northern Queensland,50–54,"12,723","23,082",55.1,2016-2017
Qld,PHN307,Northern Queensland,55–59,"13,481","22,227",60.7,2016-2017
Qld,PHN307,Northern Queensland,60–64,"12,092","18,850",64.1,2016-2017
Qld,PHN307,Northern Queensland,65–69,"10,140","15,600",65.0,2016-2017
Qld,PHN307,Northern Queensland,70–74,"7,077","11,610",61.0,2016-2017
Qld,PHN307,Northern Queensland,50–69,"48,436","79,758",60.7,2016-2017
Qld,PHN307,Northern Queensland,50–74,"55,514","91,367",60.8,2016-2017
WA,PHN501,Perth North,50–54,"17,514","34,259",51.1,2016-2017
WA,PHN501,Perth North,55–59,"17,162","31,603",54.3,2016-2017
WA,PHN501,Perth North,60–64,"16,559","27,569",60.1,2016-2017
WA,PHN501,Perth North,65–69,"14,797","24,006",61.6,2016-2017
WA,PHN501,Perth North,70–74,"10,476","17,787",58.9,2016-2017
WA,PHN501,Perth North,50–69,"66,032","117,436",56.2,2016-2017
WA,PHN501,Perth North,50–74,"76,508","135,223",56.6,2016-2017
WA,PHN502,Perth South,50–54,"15,246","30,310",50.3,2016-2017
WA,PHN502,Perth South,55–59,"15,597","28,553",54.6,2016-2017
WA,PHN502,Perth South,60–64,"15,256","25,785",59.2,2016-2017
WA,PHN502,Perth South,65–69,"14,065","22,355",62.9,2016-2017
WA,PHN502,Perth South,70–74,"9,925","16,665",59.6,2016-2017
WA,PHN502,Perth South,50–69,"60,163","107,003",56.2,2016-2017
WA,PHN502,Perth South,50–74,"70,088","123,667",56.7,2016-2017
WA,PHN503,Country WA,50–54,"8,215","17,846",46.0,2016-2017
WA,PHN503,Country WA,55–59,"9,262","17,610",52.6,2016-2017
WA,PHN503,Country WA,60–64,"8,838","15,296",57.8,2016-2017
WA,PHN503,Country WA,65–69,"7,736","12,933",59.8,2016-2017
WA,PHN503,Country WA,70–74,"5,316","9,399",56.6,2016-2017
WA,PHN503,Country WA,50–69,"34,052","63,683",53.5,2016-2017
WA,PHN503,Country WA,50–74,"39,368","73,082",53.9,2016-2017
SA,PHN401,Adelaide,50–54,"21,444","39,803",53.9,2016-2017
SA,PHN401,Adelaide,55–59,"23,116","39,259",58.9,2016-2017
SA,PHN401,Adelaide,60–64,"22,686","35,441",64.0,2016-2017
SA,PHN401,Adelaide,65–69,"21,385","32,648",65.5,2016-2017
SA,PHN401,Adelaide,70–74,"14,945","25,748",58.0,2016-2017
SA,PHN401,Adelaide,50–69,"88,631","147,150",60.2,2016-2017
SA,PHN401,Adelaide,50–74,"103,576","172,898",59.9,2016-2017
SA,PHN402,Country SA,50–54,"8,937","17,478",51.1,2016-2017
SA,PHN402,Country SA,55–59,"10,547","18,247",57.8,2016-2017
SA,PHN402,Country SA,60–64,"10,682","16,957",63.0,2016-2017
SA,PHN402,Country SA,65–69,"10,736","16,115",66.6,2016-2017
SA,PHN402,Country SA,70–74,"7,851","12,984",60.5,2016-2017
SA,PHN402,Country SA,50–69,"40,901","68,796",59.5,2016-2017
SA,PHN402,Country SA,50–74,"48,752","81,780",59.6,2016-2017
Tas,PHN601,Tasmania,50–54,"9,480","18,100",52.4,2016-2017
Tas,PHN601,Tasmania,55–59,"11,011","19,230",57.3,2016-2017
Tas,PHN601,Tasmania,60–64,"11,028","17,689",62.3,2016-2017
Tas,PHN601,Tasmania,65–69,"10,438","16,435",63.5,2016-2017
Tas,PHN601,Tasmania,70–74,"7,652","12,725",60.1,2016-2017
Tas,PHN601,Tasmania,50–69,"41,957","71,453",58.7,2016-2017
Tas,PHN601,Tasmania,50–74,"49,609","84,178",58.9,2016-2017
ACT,PHN801,Australian Capital Territory,50–54,"6,216","12,470",49.8,2016-2017
ACT,PHN801,Australian Capital Territory,55–59,"6,365","11,675",54.5,2016-2017
ACT,PHN801,Australian Capital Territory,60–64,"6,055","10,078",60.1,2016-2017
ACT,PHN801,Australian Capital Territory,65–69,"5,708","9,012",63.3,2016-2017
ACT,PHN801,Australian Capital Territory,70–74,"3,738","6,628",56.4,2016-2017
ACT,PHN801,Australian Capital Territory,50–69,"24,344","43,235",56.3,2016-2017
ACT,PHN801,Australian Capital Territory,50–74,"28,082","49,863",56.3,2016-2017
NT,PHN701,Northern Territory,50–54,"2,453","7,482",32.8,2016-2017
NT,PHN701,Northern Territory,55–59,"2,654","6,626",40.0,2016-2017
NT,PHN701,Northern Territory,60–64,"2,142","5,133",41.7,2016-2017
NT,PHN701,Northern Territory,65–69,"1,563","3,521",44.4,2016-2017
NT,PHN701,Northern Territory,70–74,716,"2,109",33.9,2016-2017
NT,PHN701,Northern Territory,50–69,"8,812","22,761",38.7,2016-2017
NT,PHN701,Northern Territory,50–74,"9,527","24,870",38.3,2016-2017
NSW,PHN101,Central and Eastern Sydney,50–54,"21,065","46,151",45.6,2017-2018
NSW,PHN101,Central and Eastern Sydney,55–59,"21,258","44,191",48.1,2017-2018
NSW,PHN101,Central and Eastern Sydney,60–64,"20,605","38,921",52.9,2017-2018
NSW,PHN101,Central and Eastern Sydney,65–69,"18,012","33,070",54.5,2017-2018
NSW,PHN101,Central and Eastern Sydney,70–74,"14,074","27,652",50.9,2017-2018
NSW,PHN101,Central and Eastern Sydney,50–69,"80,940","162,333",49.9,2017-2018
NSW,PHN101,Central and Eastern Sydney,50–74,"95,014","189,985",50.0,2017-2018
NSW,PHN102,Northern Sydney,50–54,"14,901","31,377",47.5,2017-2018
NSW,PHN102,Northern Sydney,55–59,"14,260","28,504",50.0,2017-2018
NSW,PHN102,Northern Sydney,60–64,"13,950","24,656",56.6,2017-2018
NSW,PHN102,Northern Sydney,65–69,"12,612","21,812",57.8,2017-2018
NSW,PHN102,Northern Sydney,70–74,"10,368","19,008",54.5,2017-2018
NSW,PHN102,Northern Sydney,50–69,"55,722","106,349",52.4,2017-2018
NSW,PHN102,Northern Sydney,50–74,"66,090","125,356",52.7,2017-2018
NSW,PHN103,Western Sydney,50–54,"12,720","28,128",45.2,2017-2018
NSW,PHN103,Western Sydney,55–59,"12,312","26,590",46.3,2017-2018
NSW,PHN103,Western Sydney,60–64,"11,809","23,240",50.8,2017-2018
NSW,PHN103,Western Sydney,65–69,"9,947","19,183",51.9,2017-2018
NSW,PHN103,Western Sydney,70–74,"7,156","14,883",48.1,2017-2018
NSW,PHN103,Western Sydney,50–69,"46,788","97,140",48.2,2017-2018
NSW,PHN103,Western Sydney,50–74,"53,944","112,023",48.2,2017-2018
NSW,PHN104,Nepean Blue Mountains,50–54,"5,538","11,899",46.5,2017-2018
NSW,PHN104,Nepean Blue Mountains,55–59,"5,827","12,415",46.9,2017-2018
NSW,PHN104,Nepean Blue Mountains,60–64,"5,727","10,951",52.3,2017-2018
NSW,PHN104,Nepean Blue Mountains,65–69,"5,130","9,568",53.6,2017-2018
NSW,PHN104,Nepean Blue Mountains,70–74,"3,648","7,466",48.9,2017-2018
NSW,PHN104,Nepean Blue Mountains,50–69,"22,223","44,831",49.6,2017-2018
NSW,PHN104,Nepean Blue Mountains,50–74,"25,871","52,297",49.5,2017-2018
NSW,PHN105,South Western Sydney,50–54,"13,411","30,759",43.6,2017-2018
NSW,PHN105,South Western Sydney,55–59,"14,206","30,254",47.0,2017-2018
NSW,PHN105,South Western Sydney,60–64,"13,520","26,439",51.1,2017-2018
NSW,PHN105,South Western Sydney,65–69,"11,251","21,740",51.8,2017-2018
NSW,PHN105,South Western Sydney,70–74,"7,589","16,553",45.8,2017-2018
NSW,PHN105,South Western Sydney,50–69,"52,388","109,191",48.0,2017-2018
NSW,PHN105,South Western Sydney,50–74,"59,976","125,744",47.7,2017-2018
NSW,PHN106,South Eastern NSW,50–54,"9,873","20,338",48.5,2017-2018
NSW,PHN106,South Eastern NSW,55–59,"12,080","22,114",54.6,2017-2018
NSW,PHN106,South Eastern NSW,60–64,"12,602","20,760",60.7,2017-2018
NSW,PHN106,South Eastern NSW,65–69,"11,921","18,821",63.3,2017-2018
NSW,PHN106,South Eastern NSW,70–74,"9,580","15,930",60.1,2017-2018
NSW,PHN106,South Eastern NSW,50–69,"46,477","82,032",56.7,2017-2018
NSW,PHN106,South Eastern NSW,50–74,"56,057","97,962",57.2,2017-2018
NSW,PHN107,Western NSW,50–54,"4,943","9,885",50.0,2017-2018
NSW,PHN107,Western NSW,55–59,"5,572","10,403",53.6,2017-2018
NSW,PHN107,Western NSW,60–64,"5,528","9,392",58.9,2017-2018
NSW,PHN107,Western NSW,65–69,"5,081","8,391",60.6,2017-2018
NSW,PHN107,Western NSW,70–74,"4,081","7,270",56.1,2017-2018
NSW,PHN107,Western NSW,50–69,"21,124","38,070",55.5,2017-2018
NSW,PHN107,Western NSW,50–74,"25,204","45,340",55.6,2017-2018
NSW,PHN108,Hunter New England and Central Coast,50–54,"21,609","40,368",53.5,2017-2018
NSW,PHN108,Hunter New England and Central Coast,55–59,"24,306","43,344",56.1,2017-2018
NSW,PHN108,Hunter New England and Central Coast,60–64,"25,492","39,972",63.8,2017-2018
NSW,PHN108,Hunter New England and Central Coast,65–69,"24,175","37,200",65.0,2017-2018
NSW,PHN108,Hunter New England and Central Coast,70–74,"19,590","32,627",60.0,2017-2018
NSW,PHN108,Hunter New England and Central Coast,50–69,"95,582","160,883",59.4,2017-2018
NSW,PHN108,Hunter New England and Central Coast,50–74,"115,172","193,509",59.5,2017-2018
NSW,PHN109,North Coast,50–54,"8,924","17,863",50.0,2017-2018
NSW,PHN109,North Coast,55–59,"11,023","20,800",53.0,2017-2018
NSW,PHN109,North Coast,60–64,"12,299","20,048",61.4,2017-2018
NSW,PHN109,North Coast,65–69,"11,749","18,452",63.7,2017-2018
NSW,PHN109,North Coast,70–74,"9,364","15,627",59.9,2017-2018
NSW,PHN109,North Coast,50–69,"43,996","77,162",57.0,2017-2018
NSW,PHN109,North Coast,50–74,"53,360","92,789",57.5,2017-2018
NSW,PHN110,Murrumbidgee,50–54,"3,973","7,546",52.7,2017-2018
NSW,PHN110,Murrumbidgee,55–59,"4,956","8,448",58.7,2017-2018
NSW,PHN110,Murrumbidgee,60–64,"4,785","7,574",63.2,2017-2018
NSW,PHN110,Murrumbidgee,65–69,"4,634","7,035",65.9,2017-2018
NSW,PHN110,Murrumbidgee,70–74,"3,839","5,974",64.3,2017-2018
NSW,PHN110,Murrumbidgee,50–69,"18,348","30,601",60.0,2017-2018
NSW,PHN110,Murrumbidgee,50–74,"22,186","36,575",60.7,2017-2018
Vic,PHN201,North Western Melbourne,50–54,"24,988","49,949",50.0,2017-2018
Vic,PHN201,North Western Melbourne,55–59,"23,191","46,029",50.4,2017-2018
Vic,PHN201,North Western Melbourne,60–64,"21,329","39,454",54.1,2017-2018
Vic,PHN201,North Western Melbourne,65–69,"18,041","32,578",55.4,2017-2018
Vic,PHN201,North Western Melbourne,70–74,"12,348","25,480",48.5,2017-2018
Vic,PHN201,North Western Melbourne,50–69,"87,550","168,009",52.1,2017-2018
Vic,PHN201,North Western Melbourne,50–74,"99,898","193,489",51.6,2017-2018
Vic,PHN202,Eastern Melbourne,50–54,"26,773","50,448",53.1,2017-2018
Vic,PHN202,Eastern Melbourne,55–59,"25,601","47,840",53.5,2017-2018
Vic,PHN202,Eastern Melbourne,60–64,"24,661","42,491",58.0,2017-2018
Vic,PHN202,Eastern Melbourne,65–69,"22,162","37,398",59.3,2017-2018
Vic,PHN202,Eastern Melbourne,70–74,"17,344","31,437",55.2,2017-2018
Vic,PHN202,Eastern Melbourne,50–69,"99,197","178,176",55.7,2017-2018
Vic,PHN202,Eastern Melbourne,50–74,"116,541","209,612",55.6,2017-2018
Vic,PHN203,South Eastern Melbourne,50–54,"23,647","48,934",48.3,2017-2018
Vic,PHN203,South Eastern Melbourne,55–59,"23,110","46,374",49.8,2017-2018
Vic,PHN203,South Eastern Melbourne,60–64,"22,088","40,701",54.3,2017-2018
Vic,PHN203,South Eastern Melbourne,65–69,"20,568","36,442",56.4,2017-2018
Vic,PHN203,South Eastern Melbourne,70–74,"15,645","30,811",50.8,2017-2018
Vic,PHN203,South Eastern Melbourne,50–69,"89,414","172,450",51.8,2017-2018
Vic,PHN203,South Eastern Melbourne,50–74,"105,059","203,261",51.7,2017-2018
Vic,PHN204,Gippsland,50–54,"4,795","9,357",51.2,2017-2018
Vic,PHN204,Gippsland,55–59,"5,629","10,559",53.3,2017-2018
Vic,PHN204,Gippsland,60–64,"6,182","10,406",59.4,2017-2018
Vic,PHN204,Gippsland,65–69,"6,200","10,047",61.7,2017-2018
Vic,PHN204,Gippsland,70–74,"4,651","8,067",57.6,2017-2018
Vic,PHN204,Gippsland,50–69,"22,807","40,368",56.5,2017-2018
Vic,PHN204,Gippsland,50–74,"27,457","48,435",56.7,2017-2018
Vic,PHN205,Murray,50–54,"10,312","20,204",51.0,2017-2018
Vic,PHN205,Murray,55–59,"11,691","21,793",53.6,2017-2018
Vic,PHN205,Murray,60–64,"12,249","20,440",59.9,2017-2018
Vic,PHN205,Murray,65–69,"11,703","18,793",62.3,2017-2018
Vic,PHN205,Murray,70–74,"9,077","15,361",59.1,2017-2018
Vic,PHN205,Murray,50–69,"45,955","81,229",56.6,2017-2018
Vic,PHN205,Murray,50–74,"55,032","96,590",57.0,2017-2018
Vic,PHN206,Western Victoria,50–54,"11,570","21,332",54.2,2017-2018
Vic,PHN206,Western Victoria,55–59,"12,613","22,439",56.2,2017-2018
Vic,PHN206,Western Victoria,60–64,"12,781","21,113",60.5,2017-2018
Vic,PHN206,Western Victoria,65–69,"12,414","19,525",63.6,2017-2018
Vic,PHN206,Western Victoria,70–74,"9,317","16,036",58.1,2017-2018
Vic,PHN206,Western Victoria,50–69,"49,378","84,407",58.5,2017-2018
Vic,PHN206,Western Victoria,50–74,"58,695","100,443",58.4,2017-2018
Qld,PHN301,Brisbane North,50–54,"14,739","31,179",47.3,2017-2018
Qld,PHN301,Brisbane North,55–59,"14,972","29,348",51.0,2017-2018
Qld,PHN301,Brisbane North,60–64,"14,058","25,457",55.2,2017-2018
Qld,PHN301,Brisbane North,65–69,"13,426","23,604",56.9,2017-2018
Qld,PHN301,Brisbane North,70–74,"10,561","19,373",54.5,2017-2018
Qld,PHN301,Brisbane North,50–69,"57,195","109,588",52.2,2017-2018
Qld,PHN301,Brisbane North,50–74,"67,757","128,960",52.5,2017-2018
Qld,PHN302,Brisbane South,50–54,"18,021","35,660",50.5,2017-2018
Qld,PHN302,Brisbane South,55–59,"18,102","33,884",53.4,2017-2018
Qld,PHN302,Brisbane South,60–64,"16,328","28,996",56.3,2017-2018
Qld,PHN302,Brisbane South,65–69,"14,630","25,236",58.0,2017-2018
Qld,PHN302,Brisbane South,70–74,"10,787","19,921",54.2,2017-2018
Qld,PHN302,Brisbane South,50–69,"67,081","123,776",54.2,2017-2018
Qld,PHN302,Brisbane South,50–74,"77,868","143,697",54.2,2017-2018
Qld,PHN303,Gold Coast,50–54,"9,094","20,055",45.3,2017-2018
Qld,PHN303,Gold Coast,55–59,"9,627","19,641",49.0,2017-2018
Qld,PHN303,Gold Coast,60–64,"9,402","17,425",54.0,2017-2018
Qld,PHN303,Gold Coast,65–69,"9,353","16,069",58.2,2017-2018
Qld,PHN303,Gold Coast,70–74,"7,519","13,641",55.1,2017-2018
Qld,PHN303,Gold Coast,50–69,"37,476","73,190",51.2,2017-2018
Qld,PHN303,Gold Coast,50–74,"44,994","86,831",51.8,2017-2018
Qld,PHN304,Darling Downs and West Moreton,50–54,"8,593","18,064",47.6,2017-2018
Qld,PHN304,Darling Downs and West Moreton,55–59,"9,732","17,844",54.5,2017-2018
Qld,PHN304,Darling Downs and West Moreton,60–64,"9,107","15,645",58.2,2017-2018
Qld,PHN304,Darling Downs and West Moreton,65–69,"8,550","14,280",59.9,2017-2018
Qld,PHN304,Darling Downs and West Moreton,70–74,"6,547","11,771",55.6,2017-2018
Qld,PHN304,Darling Downs and West Moreton,50–69,"35,982","65,832",54.7,2017-2018
Qld,PHN304,Darling Downs and West Moreton,50–74,"42,529","77,602",54.8,2017-2018
Qld,PHN305,Western Queensland,50–54,"1,130","2,072",54.5,2017-2018
Qld,PHN305,Western Queensland,55–59,"1,128","1,983",56.9,2017-2018
Qld,PHN305,Western Queensland,60–64,907,"1,555",58.3,2017-2018
Qld,PHN305,Western Queensland,65–69,736,"1,178",62.5,2017-2018
Qld,PHN305,Western Queensland,70–74,533,939,56.8,2017-2018
Qld,PHN305,Western Queensland,50–69,"3,901","6,787",57.5,2017-2018
Qld,PHN305,Western Queensland,50–74,"4,434","7,726",57.4,2017-2018
Qld,PHN306,"Central Queensland, Wide Bay, Sunshine Coast",50–54,"14,424","29,419",49.0,2017-2018
Qld,PHN306,"Central Queensland, Wide Bay, Sunshine Coast",55–59,"16,669","30,877",54.0,2017-2018
Qld,PHN306,"Central Queensland, Wide Bay, Sunshine Coast",60–64,"17,149","28,584",60.0,2017-2018
Qld,PHN306,"Central Queensland, Wide Bay, Sunshine Coast",65–69,"16,838","26,833",62.8,2017-2018
Qld,PHN306,"Central Queensland, Wide Bay, Sunshine Coast",70–74,"13,368","22,894",58.4,2017-2018
Qld,PHN306,"Central Queensland, Wide Bay, Sunshine Coast",50–69,"65,080","115,713",56.2,2017-2018
Qld,PHN306,"Central Queensland, Wide Bay, Sunshine Coast",50–74,"78,448","138,607",56.6,2017-2018
Qld,PHN307,Northern Queensland,50–54,"12,485","22,793",54.8,2017-2018
Qld,PHN307,Northern Queensland,55–59,"13,479","22,677",59.4,2017-2018
Qld,PHN307,Northern Queensland,60–64,"12,322","19,464",63.3,2017-2018
Qld,PHN307,Northern Queensland,65–69,"10,315","15,869",65.0,2017-2018
Qld,PHN307,Northern Queensland,70–74,"7,600","12,510",60.8,2017-2018
Qld,PHN307,Northern Queensland,50–69,"48,600","80,802",60.1,2017-2018
Qld,PHN307,Northern Queensland,50–74,"56,201","93,312",60.2,2017-2018
WA,PHN501,Perth North,50–54,"17,804","34,352",51.8,2017-2018
WA,PHN501,Perth North,55–59,"17,639","32,154",54.9,2017-2018
WA,PHN501,Perth North,60–64,"16,969","28,185",60.2,2017-2018
WA,PHN501,Perth North,65–69,"15,073","24,272",62.1,2017-2018
WA,PHN501,Perth North,70–74,"10,929","19,181",57.0,2017-2018
WA,PHN501,Perth North,50–69,"67,485","118,962",56.7,2017-2018
WA,PHN501,Perth North,50–74,"78,414","138,143",56.8,2017-2018
WA,PHN502,Perth South,50–54,"15,162","30,282",50.1,2017-2018
WA,PHN502,Perth South,55–59,"15,503","29,154",53.2,2017-2018
WA,PHN502,Perth South,60–64,"15,603","26,286",59.4,2017-2018
WA,PHN502,Perth South,65–69,"14,233","22,888",62.2,2017-2018
WA,PHN502,Perth South,70–74,"10,654","17,952",59.3,2017-2018
WA,PHN502,Perth South,50–69,"60,501","108,610",55.7,2017-2018
WA,PHN502,Perth South,50–74,"71,155","126,562",56.2,2017-2018
WA,PHN503,Country WA,50–54,"7,902","17,508",45.1,2017-2018
WA,PHN503,Country WA,55–59,"9,067","17,826",50.9,2017-2018
WA,PHN503,Country WA,60–64,"8,804","15,676",56.2,2017-2018
WA,PHN503,Country WA,65–69,"7,844","13,282",59.1,2017-2018
WA,PHN503,Country WA,70–74,"5,749","10,062",57.1,2017-2018
WA,PHN503,Country WA,50–69,"33,616","64,291",52.3,2017-2018
WA,PHN503,Country WA,50–74,"39,365","74,353",52.9,2017-2018
SA,PHN401,Adelaide,50–54,"20,989","39,526",53.1,2017-2018
SA,PHN401,Adelaide,55–59,"22,862","39,570",57.8,2017-2018
SA,PHN401,Adelaide,60–64,"22,409","35,926",62.4,2017-2018
SA,PHN401,Adelaide,65–69,"21,301","32,821",64.9,2017-2018
SA,PHN401,Adelaide,70–74,"16,506","27,474",60.1,2017-2018
SA,PHN401,Adelaide,50–69,"87,561","147,842",59.2,2017-2018
SA,PHN401,Adelaide,50–74,"104,067","175,316",59.4,2017-2018
SA,PHN402,Country SA,50–54,"8,788","17,134",51.3,2017-2018
SA,PHN402,Country SA,55–59,"10,578","18,516",57.1,2017-2018
SA,PHN402,Country SA,60–64,"10,811","17,217",62.8,2017-2018
SA,PHN402,Country SA,65–69,"10,639","16,188",65.7,2017-2018
SA,PHN402,Country SA,70–74,"8,684","13,786",63.0,2017-2018
SA,PHN402,Country SA,50–69,"40,816","69,054",59.1,2017-2018
SA,PHN402,Country SA,50–74,"49,500","82,840",59.8,2017-2018
Tas,PHN601,Tasmania,50–54,"9,690","17,833",54.3,2017-2018
Tas,PHN601,Tasmania,55–59,"11,455","19,430",59.0,2017-2018
Tas,PHN601,Tasmania,60–64,"11,434","17,958",63.7,2017-2018
Tas,PHN601,Tasmania,65–69,"10,741","16,621",64.6,2017-2018
Tas,PHN601,Tasmania,70–74,"8,093","13,669",59.2,2017-2018
Tas,PHN601,Tasmania,50–69,"43,320","71,842",60.3,2017-2018
Tas,PHN601,Tasmania,50–74,"51,413","85,511",60.1,2017-2018
ACT,PHN801,Australian Capital Territory,50–54,"6,117","12,425",49.2,2017-2018
ACT,PHN801,Australian Capital Territory,55–59,"6,362","11,859",53.6,2017-2018
ACT,PHN801,Australian Capital Territory,60–64,"6,116","10,187",60.0,2017-2018
ACT,PHN801,Australian Capital Territory,65–69,"5,704","9,092",62.7,2017-2018
ACT,PHN801,Australian Capital Territory,70–74,"4,117","7,229",57.0,2017-2018
ACT,PHN801,Australian Capital Territory,50–69,"24,298","43,562",55.8,2017-2018
ACT,PHN801,Australian Capital Territory,50–74,"28,415","50,790",55.9,2017-2018
NT,PHN701,Northern Territory,50–54,"2,489","7,473",33.3,2017-2018
NT,PHN701,Northern Territory,55–59,"2,586","6,751",38.3,2017-2018
NT,PHN701,Northern Territory,60–64,"2,188","5,241",41.7,2017-2018
NT,PHN701,Northern Territory,65–69,"1,577","3,665",43.0,2017-2018
NT,PHN701,Northern Territory,70–74,838,"2,227",37.6,2017-2018
NT,PHN701,Northern Territory,50–69,"8,840","23,129",38.2,2017-2018
NT,PHN701,Northern Territory,50–74,"9,678","25,356",38.2,2017-2018
NSW,PHN101,Central and Eastern Sydney,50–54,"22,013","46,020",47.8,2018-2019
NSW,PHN101,Central and Eastern Sydney,55–59,"21,940","44,974",48.8,2018-2019
NSW,PHN101,Central and Eastern Sydney,60–64,"21,180","39,424",53.7,2018-2019
NSW,PHN101,Central and Eastern Sydney,65–69,"18,611","33,565",55.4,2018-2019
NSW,PHN101,Central and Eastern Sydney,70–74,"14,507","28,927",50.1,2018-2019
NSW,PHN101,Central and Eastern Sydney,50–69,"83,744","163,983",51.1,2018-2019
NSW,PHN101,Central and Eastern Sydney,50–74,"98,251","192,910",50.9,2018-2019
NSW,PHN102,Northern Sydney,50–54,"15,826","31,489",50.3,2018-2019
NSW,PHN102,Northern Sydney,55–59,"14,644","29,085",50.3,2018-2019
NSW,PHN102,Northern Sydney,60–64,"14,124","25,054",56.4,2018-2019
NSW,PHN102,Northern Sydney,65–69,"12,869","22,018",58.4,2018-2019
NSW,PHN102,Northern Sydney,70–74,"10,881","19,703",55.2,2018-2019
NSW,PHN102,Northern Sydney,50–69,"57,462","107,645",53.4,2018-2019
NSW,PHN102,Northern Sydney,50–74,"68,344","127,348",53.7,2018-2019
NSW,PHN103,Western Sydney,50–54,"12,893","28,415",45.4,2018-2019
NSW,PHN103,Western Sydney,55–59,"12,498","26,934",46.4,2018-2019
NSW,PHN103,Western Sydney,60–64,"11,933","23,711",50.3,2018-2019
NSW,PHN103,Western Sydney,65–69,"10,151","19,539",52.0,2018-2019
NSW,PHN103,Western Sydney,70–74,"7,572","15,746",48.1,2018-2019
NSW,PHN103,Western Sydney,50–69,"47,475","98,599",48.1,2018-2019
NSW,PHN103,Western Sydney,50–74,"55,047","114,345",48.1,2018-2019
NSW,PHN104,Nepean Blue Mountains,50–54,"5,545","11,840",46.8,2018-2019
NSW,PHN104,Nepean Blue Mountains,55–59,"5,885","12,311",47.8,2018-2019
NSW,PHN104,Nepean Blue Mountains,60–64,"5,814","11,118",52.3,2018-2019
NSW,PHN104,Nepean Blue Mountains,65–69,"5,155","9,613",53.6,2018-2019
NSW,PHN104,Nepean Blue Mountains,70–74,"3,914","7,881",49.7,2018-2019
NSW,PHN104,Nepean Blue Mountains,50–69,"22,399","44,882",49.9,2018-2019
NSW,PHN104,Nepean Blue Mountains,50–74,"26,314","52,763",49.9,2018-2019
NSW,PHN105,South Western Sydney,50–54,"13,250","30,700",43.2,2018-2019
NSW,PHN105,South Western Sydney,55–59,"14,349","30,726",46.7,2018-2019
NSW,PHN105,South Western Sydney,60–64,"13,744","27,034",50.8,2018-2019
NSW,PHN105,South Western Sydney,65–69,"11,747","22,303",52.7,2018-2019
NSW,PHN105,South Western Sydney,70–74,"8,256","17,562",47.0,2018-2019
NSW,PHN105,South Western Sydney,50–69,"53,090","110,763",47.9,2018-2019
NSW,PHN105,South Western Sydney,50–74,"61,347","128,325",47.8,2018-2019
NSW,PHN106,South Eastern NSW,50–54,"10,288","20,024",51.4,2018-2019
NSW,PHN106,South Eastern NSW,55–59,"12,376","22,258",55.6,2018-2019
NSW,PHN106,South Eastern NSW,60–64,"13,004","21,140",61.5,2018-2019
NSW,PHN106,South Eastern NSW,65–69,"12,207","19,260",63.4,2018-2019
NSW,PHN106,South Eastern NSW,70–74,"9,931","16,405",60.5,2018-2019
NSW,PHN106,South Eastern NSW,50–69,"47,875","82,683",57.9,2018-2019
NSW,PHN106,South Eastern NSW,50–74,"57,806","99,088",58.3,2018-2019
NSW,PHN107,Western NSW,50–54,"5,038","9,744",51.7,2018-2019
NSW,PHN107,Western NSW,55–59,"5,729","10,397",55.1,2018-2019
NSW,PHN107,Western NSW,60–64,"5,720","9,568",59.8,2018-2019
NSW,PHN107,Western NSW,65–69,"5,239","8,538",61.4,2018-2019
NSW,PHN107,Western NSW,70–74,"4,338","7,492",57.9,2018-2019
NSW,PHN107,Western NSW,50–69,"21,726","38,247",56.8,2018-2019
NSW,PHN107,Western NSW,50–74,"26,064","45,739",57.0,2018-2019
NSW,PHN108,Hunter New England and Central Coast,50–54,"21,488","39,976",53.8,2018-2019
NSW,PHN108,Hunter New England and Central Coast,55–59,"24,711","43,574",56.7,2018-2019
NSW,PHN108,Hunter New England and Central Coast,60–64,"25,821","40,886",63.2,2018-2019
NSW,PHN108,Hunter New England and Central Coast,65–69,"24,612","37,602",65.5,2018-2019
NSW,PHN108,Hunter New England and Central Coast,70–74,"20,898","33,918",61.6,2018-2019
NSW,PHN108,Hunter New England and Central Coast,50–69,"96,632","162,039",59.6,2018-2019
NSW,PHN108,Hunter New England and Central Coast,50–74,"117,530","195,957",60.0,2018-2019
NSW,PHN109,North Coast,50–54,"9,386","17,460",53.8,2018-2019
NSW,PHN109,North Coast,55–59,"11,318","20,676",54.7,2018-2019
NSW,PHN109,North Coast,60–64,"12,690","20,591",61.6,2018-2019
NSW,PHN109,North Coast,65–69,"12,397","18,915",65.5,2018-2019
NSW,PHN109,North Coast,70–74,"10,058","16,203",62.1,2018-2019
NSW,PHN109,North Coast,50–69,"45,790","77,641",59.0,2018-2019
NSW,PHN109,North Coast,50–74,"55,849","93,844",59.5,2018-2019
NSW,PHN110,Murrumbidgee,50–54,"4,010","7,413",54.1,2018-2019
NSW,PHN110,Murrumbidgee,55–59,"4,903","8,436",58.1,2018-2019
NSW,PHN110,Murrumbidgee,60–64,"4,890","7,793",62.7,2018-2019
NSW,PHN110,Murrumbidgee,65–69,"4,588","7,126",64.4,2018-2019
NSW,PHN110,Murrumbidgee,70–74,"4,017","6,143",65.4,2018-2019
NSW,PHN110,Murrumbidgee,50–69,"18,392","30,768",59.8,2018-2019
NSW,PHN110,Murrumbidgee,50–74,"22,409","36,911",60.7,2018-2019
Vic,PHN201,North Western Melbourne,50–54,"24,581","51,140",48.1,2018-2019
Vic,PHN201,North Western Melbourne,55–59,"22,826","47,137",48.4,2018-2019
Vic,PHN201,North Western Melbourne,60–64,"21,231","40,645",52.2,2018-2019
Vic,PHN201,North Western Melbourne,65–69,"17,947","33,693",53.3,2018-2019
Vic,PHN201,North Western Melbourne,70–74,"13,266","27,201",48.8,2018-2019
Vic,PHN201,North Western Melbourne,50–69,"86,585","172,614",50.2,2018-2019
Vic,PHN201,North Western Melbourne,50–74,"99,851","199,815",50.0,2018-2019
Vic,PHN202,Eastern Melbourne,50–54,"26,724","50,577",52.8,2018-2019
Vic,PHN202,Eastern Melbourne,55–59,"26,246","48,427",54.2,2018-2019
Vic,PHN202,Eastern Melbourne,60–64,"24,752","42,774",57.9,2018-2019
Vic,PHN202,Eastern Melbourne,65–69,"22,372","37,554",59.6,2018-2019
Vic,PHN202,Eastern Melbourne,70–74,"18,332","32,513",56.4,2018-2019
Vic,PHN202,Eastern Melbourne,50–69,"100,095","179,331",55.8,2018-2019
Vic,PHN202,Eastern Melbourne,50–74,"118,427","211,844",55.9,2018-2019
Vic,PHN203,South Eastern Melbourne,50–54,"24,465","49,849",49.1,2018-2019
Vic,PHN203,South Eastern Melbourne,55–59,"23,930","47,125",50.8,2018-2019
Vic,PHN203,South Eastern Melbourne,60–64,"22,673","41,784",54.3,2018-2019
Vic,PHN203,South Eastern Melbourne,65–69,"20,553","36,930",55.7,2018-2019
Vic,PHN203,South Eastern Melbourne,70–74,"16,956","32,640",51.9,2018-2019
Vic,PHN203,South Eastern Melbourne,50–69,"91,621","175,687",52.2,2018-2019
Vic,PHN203,South Eastern Melbourne,50–74,"108,577","208,327",52.1,2018-2019
Vic,PHN204,Gippsland,50–54,"4,761","9,331",51.0,2018-2019
Vic,PHN204,Gippsland,55–59,"5,634","10,644",52.9,2018-2019
Vic,PHN204,Gippsland,60–64,"6,246","10,671",58.5,2018-2019
Vic,PHN204,Gippsland,65–69,"6,381","10,270",62.1,2018-2019
Vic,PHN204,Gippsland,70–74,"5,015","8,489",59.1,2018-2019
Vic,PHN204,Gippsland,50–69,"23,021","40,915",56.3,2018-2019
Vic,PHN204,Gippsland,50–74,"28,037","49,405",56.7,2018-2019
Vic,PHN205,Murray,50–54,"9,804","20,124",48.7,2018-2019
Vic,PHN205,Murray,55–59,"11,547","21,981",52.5,2018-2019
Vic,PHN205,Murray,60–64,"12,079","20,897",57.8,2018-2019
Vic,PHN205,Murray,65–69,"11,630","19,236",60.5,2018-2019
Vic,PHN205,Murray,70–74,"9,376","16,053",58.4,2018-2019
Vic,PHN205,Murray,50–69,"45,059","82,239",54.8,2018-2019
Vic,PHN205,Murray,50–74,"54,436","98,292",55.4,2018-2019
Vic,PHN206,Western Victoria,50–54,"11,283","21,271",53.0,2018-2019
Vic,PHN206,Western Victoria,55–59,"12,499","22,738",55.0,2018-2019
Vic,PHN206,Western Victoria,60–64,"12,976","21,702",59.8,2018-2019
Vic,PHN206,Western Victoria,65–69,"12,391","19,918",62.2,2018-2019
Vic,PHN206,Western Victoria,70–74,"9,912","16,801",59.0,2018-2019
Vic,PHN206,Western Victoria,50–69,"49,149","85,629",57.4,2018-2019
Vic,PHN206,Western Victoria,50–74,"59,061","102,430",57.7,2018-2019
Qld,PHN301,Brisbane North,50–54,"15,071","31,825",47.4,2018-2019
Qld,PHN301,Brisbane North,55–59,"15,306","30,113",50.8,2018-2019
Qld,PHN301,Brisbane North,60–64,"13,950","26,035",53.6,2018-2019
Qld,PHN301,Brisbane North,65–69,"13,600","24,042",56.6,2018-2019
Qld,PHN301,Brisbane North,70–74,"11,118","20,679",53.8,2018-2019
Qld,PHN301,Brisbane North,50–69,"57,927","112,015",51.7,2018-2019
Qld,PHN301,Brisbane North,50–74,"69,044","132,694",52.0,2018-2019
Qld,PHN302,Brisbane South,50–54,"18,468","35,836",51.5,2018-2019
Qld,PHN302,Brisbane South,55–59,"17,979","34,590",52.0,2018-2019
Qld,PHN302,Brisbane South,60–64,"16,572","29,675",55.8,2018-2019
Qld,PHN302,Brisbane South,65–69,"14,694","25,748",57.1,2018-2019
Qld,PHN302,Brisbane South,70–74,"11,323","21,140",53.6,2018-2019
Qld,PHN302,Brisbane South,50–69,"67,713","125,849",53.8,2018-2019
Qld,PHN302,Brisbane South,50–74,"79,036","146,989",53.8,2018-2019
Qld,PHN303,Gold Coast,50–54,"9,305","20,359",45.7,2018-2019
Qld,PHN303,Gold Coast,55–59,"9,961","19,996",49.8,2018-2019
Qld,PHN303,Gold Coast,60–64,"9,623","18,007",53.4,2018-2019
Qld,PHN303,Gold Coast,65–69,"9,539","16,483",57.9,2018-2019
Qld,PHN303,Gold Coast,70–74,"7,928","14,395",55.1,2018-2019
Qld,PHN303,Gold Coast,50–69,"38,428","74,844",51.3,2018-2019
Qld,PHN303,Gold Coast,50–74,"46,357","89,239",51.9,2018-2019
Qld,PHN304,Darling Downs and West Moreton,50–54,"8,661","18,163",47.7,2018-2019
Qld,PHN304,Darling Downs and West Moreton,55–59,"9,630","18,148",53.1,2018-2019
Qld,PHN304,Darling Downs and West Moreton,60–64,"9,276","16,115",57.6,2018-2019
Qld,PHN304,Darling Downs and West Moreton,65–69,"8,519","14,625",58.2,2018-2019
Qld,PHN304,Darling Downs and West Moreton,70–74,"6,857","12,345",55.5,2018-2019
Qld,PHN304,Darling Downs and West Moreton,50–69,"36,087","67,051",53.8,2018-2019
Qld,PHN304,Darling Downs and West Moreton,50–74,"42,944","79,396",54.1,2018-2019
Qld,PHN305,Western Queensland,50–54,"1,063","1,999",53.2,2018-2019
Qld,PHN305,Western Queensland,55–59,"1,135","1,989",57.1,2018-2019
Qld,PHN305,Western Queensland,60–64,921,"1,628",56.6,2018-2019
Qld,PHN305,Western Queensland,65–69,752,"1,193",63.1,2018-2019
Qld,PHN305,Western Queensland,70–74,537,945,56.8,2018-2019
Qld,PHN305,Western Queensland,50–69,"3,871","6,808",56.9,2018-2019
Qld,PHN305,Western Queensland,50–74,"4,408","7,753",56.9,2018-2019
Qld,PHN306,"Central Queensland, Wide Bay, Sunshine Coast",50–54,"14,353","29,167",49.2,2018-2019
Qld,PHN306,"Central Queensland, Wide Bay, Sunshine Coast",55–59,"17,218","31,597",54.5,2018-2019
Qld,PHN306,"Central Queensland, Wide Bay, Sunshine Coast",60–64,"17,566","29,372",59.8,2018-2019
Qld,PHN306,"Central Queensland, Wide Bay, Sunshine Coast",65–69,"17,120","27,215",62.9,2018-2019
Qld,PHN306,"Central Queensland, Wide Bay, Sunshine Coast",70–74,"14,139","24,144",58.6,2018-2019
Qld,PHN306,"Central Queensland, Wide Bay, Sunshine Coast",50–69,"66,256","117,350",56.5,2018-2019
Qld,PHN306,"Central Queensland, Wide Bay, Sunshine Coast",50–74,"80,394","141,494",56.8,2018-2019
Qld,PHN307,Northern Queensland,50–54,"12,411","22,615",54.9,2018-2019
Qld,PHN307,Northern Queensland,55–59,"13,623","22,902",59.5,2018-2019
Qld,PHN307,Northern Queensland,60–64,"12,564","19,944",63.0,2018-2019
Qld,PHN307,Northern Queensland,65–69,"10,443","16,269",64.2,2018-2019
Qld,PHN307,Northern Queensland,70–74,"8,155","13,206",61.8,2018-2019
Qld,PHN307,Northern Queensland,50–69,"49,040","81,730",60.0,2018-2019
Qld,PHN307,Northern Queensland,50–74,"57,194","94,936",60.2,2018-2019
WA,PHN501,Perth North,50–54,"17,529","34,522",50.8,2018-2019
WA,PHN501,Perth North,55–59,"17,350","32,736",53.0,2018-2019
WA,PHN501,Perth North,60–64,"16,846","28,789",58.5,2018-2019
WA,PHN501,Perth North,65–69,"15,062","24,829",60.7,2018-2019
WA,PHN501,Perth North,70–74,"11,755","20,450",57.5,2018-2019
WA,PHN501,Perth North,50–69,"66,787","120,875",55.3,2018-2019
WA,PHN501,Perth North,50–74,"78,542","141,325",55.6,2018-2019
WA,PHN502,Perth South,50–54,"15,008","30,614",49.0,2018-2019
WA,PHN502,Perth South,55–59,"15,562","29,710",52.4,2018-2019
WA,PHN502,Perth South,60–64,"15,476","26,696",58.0,2018-2019
WA,PHN502,Perth South,65–69,"14,397","23,504",61.3,2018-2019
WA,PHN502,Perth South,70–74,"11,455","19,136",59.9,2018-2019
WA,PHN502,Perth South,50–69,"60,443","110,524",54.7,2018-2019
WA,PHN502,Perth South,50–74,"71,899","129,660",55.5,2018-2019
WA,PHN503,Country WA,50–54,"7,710","17,318",44.5,2018-2019
WA,PHN503,Country WA,55–59,"8,861","17,839",49.7,2018-2019
WA,PHN503,Country WA,60–64,"8,837","16,104",54.9,2018-2019
WA,PHN503,Country WA,65–69,"7,907","13,660",57.9,2018-2019
WA,PHN503,Country WA,70–74,"6,151","10,564",58.2,2018-2019
WA,PHN503,Country WA,50–69,"33,315","64,921",51.3,2018-2019
WA,PHN503,Country WA,50–74,"39,466","75,485",52.3,2018-2019
SA,PHN401,Adelaide,50–54,"20,897","39,457",53.0,2018-2019
SA,PHN401,Adelaide,55–59,"22,990","39,732",57.9,2018-2019
SA,PHN401,Adelaide,60–64,"23,009","36,494",63.0,2018-2019
SA,PHN401,Adelaide,65–69,"21,595","33,201",65.0,2018-2019
SA,PHN401,Adelaide,70–74,"17,455","28,778",60.7,2018-2019
SA,PHN401,Adelaide,50–69,"88,492","148,884",59.4,2018-2019
SA,PHN401,Adelaide,50–74,"105,947","177,662",59.6,2018-2019
SA,PHN402,Country SA,50–54,"8,504","16,869",50.4,2018-2019
SA,PHN402,Country SA,55–59,"10,281","18,631",55.2,2018-2019
SA,PHN402,Country SA,60–64,"10,643","17,496",60.8,2018-2019
SA,PHN402,Country SA,65–69,"10,650","16,478",64.6,2018-2019
SA,PHN402,Country SA,70–74,"8,870","14,363",61.8,2018-2019
SA,PHN402,Country SA,50–69,"40,079","69,473",57.7,2018-2019
SA,PHN402,Country SA,50–74,"48,949","83,836",58.4,2018-2019
Tas,PHN601,Tasmania,50–54,"9,731","17,667",55.1,2018-2019
Tas,PHN601,Tasmania,55–59,"11,491","19,581",58.7,2018-2019
Tas,PHN601,Tasmania,60–64,"11,616","18,237",63.7,2018-2019
Tas,PHN601,Tasmania,65–69,"10,879","16,931",64.3,2018-2019
Tas,PHN601,Tasmania,70–74,"8,896","14,392",61.8,2018-2019
Tas,PHN601,Tasmania,50–69,"43,717","72,415",60.4,2018-2019
Tas,PHN601,Tasmania,50–74,"52,613","86,807",60.6,2018-2019
ACT,PHN801,Australian Capital Territory,50–54,"6,349","12,551",50.6,2018-2019
ACT,PHN801,Australian Capital Territory,55–59,"6,791","11,959",56.8,2018-2019
ACT,PHN801,Australian Capital Territory,60–64,"6,266","10,375",60.4,2018-2019
ACT,PHN801,Australian Capital Territory,65–69,"5,947","9,184",64.7,2018-2019
ACT,PHN801,Australian Capital Territory,70–74,"4,606","7,747",59.5,2018-2019
ACT,PHN801,Australian Capital Territory,50–69,"25,353","44,069",57.5,2018-2019
ACT,PHN801,Australian Capital Territory,50–74,"29,959","51,816",57.8,2018-2019
NT,PHN701,Northern Territory,50–54,"2,500","7,492",33.4,2018-2019
NT,PHN701,Northern Territory,55–59,"2,594","6,828",38.0,2018-2019
NT,PHN701,Northern Territory,60–64,"2,158","5,282",40.9,2018-2019
NT,PHN701,Northern Territory,65–69,"1,626","3,846",42.3,2018-2019
NT,PHN701,Northern Territory,70–74,932,"2,353",39.6,2018-2019
NT,PHN701,Northern Territory,50–69,"8,877","23,448",37.9,2018-2019
NT,PHN701,Northern Territory,50–74,"9,810","25,801",38.0,2018-2019
NSW,PHN101,Central and Eastern Sydney,50–54,"19,873","46,656",42.6,2019-2020
NSW,PHN101,Central and Eastern Sydney,55–59,"20,045","45,893",43.7,2019-2020
NSW,PHN101,Central and Eastern Sydney,60–64,"19,073","40,455",47.1,2019-2020
NSW,PHN101,Central and Eastern Sydney,65–69,"16,990","34,754",48.9,2019-2020
NSW,PHN101,Central and Eastern Sydney,70–74,"13,940","30,043",46.4,2019-2020
NSW,PHN101,Central and Eastern Sydney,50–69,"75,981","167,757",45.3,2019-2020
NSW,PHN101,Central and Eastern Sydney,50–74,"89,921","197,800",45.5,2019-2020
NSW,PHN102,Northern Sydney,50–54,"14,311","31,927",44.8,2019-2020
NSW,PHN102,Northern Sydney,55–59,"13,549","29,749",45.5,2019-2020
NSW,PHN102,Northern Sydney,60–64,"13,026","25,693",50.7,2019-2020
NSW,PHN102,Northern Sydney,65–69,"11,826","22,337",52.9,2019-2020
NSW,PHN102,Northern Sydney,70–74,"10,372","20,325",51.0,2019-2020
NSW,PHN102,Northern Sydney,50–69,"52,712","109,706",48.0,2019-2020
NSW,PHN102,Northern Sydney,50–74,"63,083","130,030",48.5,2019-2020
NSW,PHN103,Western Sydney,50–54,"11,350","28,793",39.4,2019-2020
NSW,PHN103,Western Sydney,55–59,"12,169","27,668",44.0,2019-2020
NSW,PHN103,Western Sydney,60–64,"11,381","24,772",45.9,2019-2020
NSW,PHN103,Western Sydney,65–69,"9,995","20,525",48.7,2019-2020
NSW,PHN103,Western Sydney,70–74,"7,612","16,612",45.8,2019-2020
NSW,PHN103,Western Sydney,50–69,"44,895","101,757",44.1,2019-2020
NSW,PHN103,Western Sydney,50–74,"52,507","118,369",44.4,2019-2020
NSW,PHN104,Nepean Blue Mountains,50–54,"5,024","11,974",42.0,2019-2020
NSW,PHN104,Nepean Blue Mountains,55–59,"5,608","12,187",46.0,2019-2020
NSW,PHN104,Nepean Blue Mountains,60–64,"5,741","11,446",50.2,2019-2020
NSW,PHN104,Nepean Blue Mountains,65–69,"4,998","9,741",51.3,2019-2020
NSW,PHN104,Nepean Blue Mountains,70–74,"4,006","8,229",48.7,2019-2020
NSW,PHN104,Nepean Blue Mountains,50–69,"21,371","45,348",47.1,2019-2020
NSW,PHN104,Nepean Blue Mountains,50–74,"25,377","53,577",47.4,2019-2020
NSW,PHN105,South Western Sydney,50–54,"12,482","30,920",40.4,2019-2020
NSW,PHN105,South Western Sydney,55–59,"13,327","31,156",42.8,2019-2020
NSW,PHN105,South Western Sydney,60–64,"13,192","27,833",47.4,2019-2020
NSW,PHN105,South Western Sydney,65–69,"11,257","23,102",48.7,2019-2020
NSW,PHN105,South Western Sydney,70–74,"8,263","18,613",44.4,2019-2020
NSW,PHN105,South Western Sydney,50–69,"50,258","113,010",44.5,2019-2020
NSW,PHN105,South Western Sydney,50–74,"58,521","131,623",44.5,2019-2020
NSW,PHN106,South Eastern NSW,50–54,"9,424","20,176",46.7,2019-2020
NSW,PHN106,South Eastern NSW,55–59,"11,355","22,213",51.1,2019-2020
NSW,PHN106,South Eastern NSW,60–64,"12,059","21,749",55.4,2019-2020
NSW,PHN106,South Eastern NSW,65–69,"11,666","19,789",59.0,2019-2020
NSW,PHN106,South Eastern NSW,70–74,"9,705","16,857",57.6,2019-2020
NSW,PHN106,South Eastern NSW,50–69,"44,505","83,926",53.0,2019-2020
NSW,PHN106,South Eastern NSW,50–74,"54,211","100,783",53.8,2019-2020
NSW,PHN107,Western NSW,50–54,"4,913","9,643",51.0,2019-2020
NSW,PHN107,Western NSW,55–59,"5,516","10,367",53.2,2019-2020
NSW,PHN107,Western NSW,60–64,"5,685","9,737",58.4,2019-2020
NSW,PHN107,Western NSW,65–69,"5,250","8,697",60.4,2019-2020
NSW,PHN107,Western NSW,70–74,"4,434","7,692",57.6,2019-2020
NSW,PHN107,Western NSW,50–69,"21,364","38,443",55.6,2019-2020
NSW,PHN107,Western NSW,50–74,"25,798","46,135",55.9,2019-2020
NSW,PHN108,Hunter New England and Central Coast,50–54,"19,618","40,159",48.8,2019-2020
NSW,PHN108,Hunter New England and Central Coast,55–59,"22,510","43,378",51.9,2019-2020
NSW,PHN108,Hunter New England and Central Coast,60–64,"24,250","41,871",57.9,2019-2020
NSW,PHN108,Hunter New England and Central Coast,65–69,"23,342","38,189",61.1,2019-2020
NSW,PHN108,Hunter New England and Central Coast,70–74,"20,745","34,846",59.5,2019-2020
NSW,PHN108,Hunter New England and Central Coast,50–69,"89,720","163,597",54.8,2019-2020
NSW,PHN108,Hunter New England and Central Coast,50–74,"110,464","198,442",55.7,2019-2020
NSW,PHN109,North Coast,50–54,"8,716","17,466",49.9,2019-2020
NSW,PHN109,North Coast,55–59,"10,494","20,300",51.7,2019-2020
NSW,PHN109,North Coast,60–64,"12,101","21,059",57.5,2019-2020
NSW,PHN109,North Coast,65–69,"11,972","19,609",61.1,2019-2020
NSW,PHN109,North Coast,70–74,"9,958","16,822",59.2,2019-2020
NSW,PHN109,North Coast,50–69,"43,283","78,432",55.2,2019-2020
NSW,PHN109,North Coast,50–74,"53,241","95,254",55.9,2019-2020
NSW,PHN110,Murrumbidgee,50–54,"3,746","7,420",50.5,2019-2020
NSW,PHN110,Murrumbidgee,55–59,"4,628","8,336",55.5,2019-2020
NSW,PHN110,Murrumbidgee,60–64,"4,821","8,057",59.8,2019-2020
NSW,PHN110,Murrumbidgee,65–69,"4,585","7,236",63.4,2019-2020
NSW,PHN110,Murrumbidgee,70–74,"4,006","6,391",62.7,2019-2020
NSW,PHN110,Murrumbidgee,50–69,"17,779","31,048",57.3,2019-2020
NSW,PHN110,Murrumbidgee,50–74,"21,786","37,439",58.2,2019-2020
Vic,PHN201,North Western Melbourne,50–54,"20,647","52,859",39.1,2019-2020
Vic,PHN201,North Western Melbourne,55–59,"19,628","48,637",40.4,2019-2020
Vic,PHN201,North Western Melbourne,60–64,"18,260","42,646",42.8,2019-2020
Vic,PHN201,North Western Melbourne,65–69,"15,488","35,322",43.8,2019-2020
Vic,PHN201,North Western Melbourne,70–74,"11,725","28,775",40.7,2019-2020
Vic,PHN201,North Western Melbourne,50–69,"74,024","179,463",41.2,2019-2020
Vic,PHN201,North Western Melbourne,50–74,"85,748","208,238",41.2,2019-2020
Vic,PHN202,Eastern Melbourne,50–54,"22,897","51,496",44.5,2019-2020
Vic,PHN202,Eastern Melbourne,55–59,"22,598","49,202",45.9,2019-2020
Vic,PHN202,Eastern Melbourne,60–64,"21,414","44,087",48.6,2019-2020
Vic,PHN202,Eastern Melbourne,65–69,"19,471","38,529",50.5,2019-2020
Vic,PHN202,Eastern Melbourne,70–74,"16,307","33,768",48.3,2019-2020
Vic,PHN202,Eastern Melbourne,50–69,"86,380","183,314",47.1,2019-2020
Vic,PHN202,Eastern Melbourne,50–74,"102,687","217,082",47.3,2019-2020
Vic,PHN203,South Eastern Melbourne,50–54,"21,337","51,126",41.7,2019-2020
Vic,PHN203,South Eastern Melbourne,55–59,"21,147","48,068",44.0,2019-2020
Vic,PHN203,South Eastern Melbourne,60–64,"19,752","43,345",45.6,2019-2020
Vic,PHN203,South Eastern Melbourne,65–69,"18,124","37,918",47.8,2019-2020
Vic,PHN203,South Eastern Melbourne,70–74,"15,576","33,982",45.8,2019-2020
Vic,PHN203,South Eastern Melbourne,50–69,"80,361","180,457",44.5,2019-2020
Vic,PHN203,South Eastern Melbourne,50–74,"95,937","214,439",44.7,2019-2020
Vic,PHN204,Gippsland,50–54,"4,176","9,396",44.4,2019-2020
Vic,PHN204,Gippsland,55–59,"5,084","10,716",47.4,2019-2020
Vic,PHN204,Gippsland,60–64,"5,944","10,961",54.2,2019-2020
Vic,PHN204,Gippsland,65–69,"5,984","10,419",57.4,2019-2020
Vic,PHN204,Gippsland,70–74,"4,973","8,990",55.3,2019-2020
Vic,PHN204,Gippsland,50–69,"21,188","41,492",51.1,2019-2020
Vic,PHN204,Gippsland,50–74,"26,161","50,481",51.8,2019-2020
Vic,PHN205,Murray,50–54,"8,829","20,172",43.8,2019-2020
Vic,PHN205,Murray,55–59,"10,549","22,002",47.9,2019-2020
Vic,PHN205,Murray,60–64,"11,406","21,319",53.5,2019-2020
Vic,PHN205,Murray,65–69,"11,161","19,672",56.7,2019-2020
Vic,PHN205,Murray,70–74,"9,409","16,753",56.2,2019-2020
Vic,PHN205,Murray,50–69,"41,945","83,164",50.4,2019-2020
Vic,PHN205,Murray,50–74,"51,354","99,917",51.4,2019-2020
Vic,PHN206,Western Victoria,50–54,"9,975","21,473",46.5,2019-2020
Vic,PHN206,Western Victoria,55–59,"11,046","22,867",48.3,2019-2020
Vic,PHN206,Western Victoria,60–64,"11,596","22,395",51.8,2019-2020
Vic,PHN206,Western Victoria,65–69,"11,549","20,393",56.6,2019-2020
Vic,PHN206,Western Victoria,70–74,"9,455","17,548",53.9,2019-2020
Vic,PHN206,Western Victoria,50–69,"44,166","87,127",50.7,2019-2020
Vic,PHN206,Western Victoria,50–74,"53,622","104,675",51.2,2019-2020
Qld,PHN301,Brisbane North,50–54,"14,663","32,778",44.7,2019-2020
Qld,PHN301,Brisbane North,55–59,"14,817","30,785",48.1,2019-2020
Qld,PHN301,Brisbane North,60–64,"13,749","26,860",51.2,2019-2020
Qld,PHN301,Brisbane North,65–69,"13,061","24,511",53.3,2019-2020
Qld,PHN301,Brisbane North,70–74,"11,368","21,798",52.2,2019-2020
Qld,PHN301,Brisbane North,50–69,"56,291","114,932",49.0,2019-2020
Qld,PHN301,Brisbane North,50–74,"67,658","136,730",49.5,2019-2020
Qld,PHN302,Brisbane South,50–54,"17,697","36,798",48.1,2019-2020
Qld,PHN302,Brisbane South,55–59,"17,243","35,061",49.2,2019-2020
Qld,PHN302,Brisbane South,60–64,"16,249","30,721",52.9,2019-2020
Qld,PHN302,Brisbane South,65–69,"14,305","26,443",54.1,2019-2020
Qld,PHN302,Brisbane South,70–74,"11,595","22,259",52.1,2019-2020
Qld,PHN302,Brisbane South,50–69,"65,494","129,023",50.8,2019-2020
Qld,PHN302,Brisbane South,50–74,"77,089","151,282",51.0,2019-2020
Qld,PHN303,Gold Coast,50–54,"9,209","21,026",43.8,2019-2020
Qld,PHN303,Gold Coast,55–59,"9,775","20,409",47.9,2019-2020
Qld,PHN303,Gold Coast,60–64,"9,578","18,781",51.0,2019-2020
Qld,PHN303,Gold Coast,65–69,"9,322","16,903",55.2,2019-2020
Qld,PHN303,Gold Coast,70–74,"8,141","15,064",54.0,2019-2020
Qld,PHN303,Gold Coast,50–69,"37,884","77,118",49.1,2019-2020
Qld,PHN303,Gold Coast,50–74,"46,025","92,182",49.9,2019-2020
Qld,PHN304,Darling Downs and West Moreton,50–54,"8,443","18,389",45.9,2019-2020
Qld,PHN304,Darling Downs and West Moreton,55–59,"9,199","18,366",50.1,2019-2020
Qld,PHN304,Darling Downs and West Moreton,60–64,"9,112","16,680",54.6,2019-2020
Qld,PHN304,Darling Downs and West Moreton,65–69,"8,343","14,914",55.9,2019-2020
Qld,PHN304,Darling Downs and West Moreton,70–74,"7,086","12,791",55.4,2019-2020
Qld,PHN304,Darling Downs and West Moreton,50–69,"35,096","68,348",51.3,2019-2020
Qld,PHN304,Darling Downs and West Moreton,50–74,"42,182","81,139",52.0,2019-2020
Qld,PHN305,Western Queensland,50–54,"1,053","1,919",54.9,2019-2020
Qld,PHN305,Western Queensland,55–59,"1,108","1,989",55.7,2019-2020
Qld,PHN305,Western Queensland,60–64,917,"1,673",54.8,2019-2020
Qld,PHN305,Western Queensland,65–69,738,"1,234",59.8,2019-2020
Qld,PHN305,Western Queensland,70–74,517,963,53.7,2019-2020
Qld,PHN305,Western Queensland,50–69,"3,815","6,815",56.0,2019-2020
Qld,PHN305,Western Queensland,50–74,"4,332","7,777",55.7,2019-2020
Qld,PHN306,"Central Queensland, Wide Bay, Sunshine Coast",50–54,"13,231","29,351",45.1,2019-2020
Qld,PHN306,"Central Queensland, Wide Bay, Sunshine Coast",55–59,"16,032","32,172",49.8,2019-2020
Qld,PHN306,"Central Queensland, Wide Bay, Sunshine Coast",60–64,"16,772","30,184",55.6,2019-2020
Qld,PHN306,"Central Queensland, Wide Bay, Sunshine Coast",65–69,"16,311","27,827",58.6,2019-2020
Qld,PHN306,"Central Queensland, Wide Bay, Sunshine Coast",70–74,"14,257","25,163",56.7,2019-2020
Qld,PHN306,"Central Queensland, Wide Bay, Sunshine Coast",50–69,"62,346","119,533",52.2,2019-2020
Qld,PHN306,"Central Queensland, Wide Bay, Sunshine Coast",50–74,"76,603","144,696",52.9,2019-2020
Qld,PHN307,Northern Queensland,50–54,"11,933","22,721",52.5,2019-2020
Qld,PHN307,Northern Queensland,55–59,"13,436","23,077",58.2,2019-2020
Qld,PHN307,Northern Queensland,60–64,"12,568","20,419",61.6,2019-2020
Qld,PHN307,Northern Queensland,65–69,"10,587","16,827",62.9,2019-2020
Qld,PHN307,Northern Queensland,70–74,"8,445","13,746",61.4,2019-2020
Qld,PHN307,Northern Queensland,50–69,"48,525","83,043",58.4,2019-2020
Qld,PHN307,Northern Queensland,50–74,"56,970","96,789",58.9,2019-2020
WA,PHN501,Perth North,50–54,"15,993","35,117",45.5,2019-2020
WA,PHN501,Perth North,55–59,"16,258","33,430",48.6,2019-2020
WA,PHN501,Perth North,60–64,"15,852","29,752",53.3,2019-2020
WA,PHN501,Perth North,65–69,"14,249","25,619",55.6,2019-2020
WA,PHN501,Perth North,70–74,"11,473","21,715",52.8,2019-2020
WA,PHN501,Perth North,50–69,"62,352","123,918",50.3,2019-2020
WA,PHN501,Perth North,50–74,"73,825","145,633",50.7,2019-2020
WA,PHN502,Perth South,50–54,"14,004","31,333",44.7,2019-2020
WA,PHN502,Perth South,55–59,"14,744","30,313",48.6,2019-2020
WA,PHN502,Perth South,60–64,"14,499","27,541",52.6,2019-2020
WA,PHN502,Perth South,65–69,"13,739","24,447",56.2,2019-2020
WA,PHN502,Perth South,70–74,"11,141","20,450",54.5,2019-2020
WA,PHN502,Perth South,50–69,"56,986","113,633",50.1,2019-2020
WA,PHN502,Perth South,50–74,"68,127","134,083",50.8,2019-2020
WA,PHN503,Country WA,50–54,"7,301","17,404",42.0,2019-2020
WA,PHN503,Country WA,55–59,"8,358","17,764",47.0,2019-2020
WA,PHN503,Country WA,60–64,"8,438","16,565",50.9,2019-2020
WA,PHN503,Country WA,65–69,"7,448","14,124",52.7,2019-2020
WA,PHN503,Country WA,70–74,"6,077","11,068",54.9,2019-2020
WA,PHN503,Country WA,50–69,"31,544","65,856",47.9,2019-2020
WA,PHN503,Country WA,50–74,"37,621","76,923",48.9,2019-2020
SA,PHN401,Adelaide,50–54,"18,574","39,760",46.7,2019-2020
SA,PHN401,Adelaide,55–59,"19,252","39,975",48.2,2019-2020
SA,PHN401,Adelaide,60–64,"20,002","37,541",53.3,2019-2020
SA,PHN401,Adelaide,65–69,"18,742","33,835",55.4,2019-2020
SA,PHN401,Adelaide,70–74,"15,740","30,079",52.3,2019-2020
SA,PHN401,Adelaide,50–69,"76,570","151,109",50.7,2019-2020
SA,PHN401,Adelaide,50–74,"92,309","181,188",50.9,2019-2020
SA,PHN402,Country SA,50–54,"7,763","16,890",46.0,2019-2020
SA,PHN402,Country SA,55–59,"9,312","18,483",50.4,2019-2020
SA,PHN402,Country SA,60–64,"10,224","17,930",57.0,2019-2020
SA,PHN402,Country SA,65–69,"10,328","16,761",61.6,2019-2020
SA,PHN402,Country SA,70–74,"8,781","14,851",59.1,2019-2020
SA,PHN402,Country SA,50–69,"37,627","70,063",53.7,2019-2020
SA,PHN402,Country SA,50–74,"46,408","84,913",54.7,2019-2020
Tas,PHN601,Tasmania,50–54,"9,030","17,670",51.1,2019-2020
Tas,PHN601,Tasmania,55–59,"10,586","19,482",54.3,2019-2020
Tas,PHN601,Tasmania,60–64,"10,854","18,693",58.1,2019-2020
Tas,PHN601,Tasmania,65–69,"10,075","17,159",58.7,2019-2020
Tas,PHN601,Tasmania,70–74,"8,553","15,046",56.8,2019-2020
Tas,PHN601,Tasmania,50–69,"40,545","73,003",55.5,2019-2020
Tas,PHN601,Tasmania,50–74,"49,098","88,049",55.8,2019-2020
ACT,PHN801,Australian Capital Territory,50–54,"6,473","12,801",50.6,2019-2020
ACT,PHN801,Australian Capital Territory,55–59,"6,650","12,121",54.9,2019-2020
ACT,PHN801,Australian Capital Territory,60–64,"6,256","10,717",58.4,2019-2020
ACT,PHN801,Australian Capital Territory,65–69,"5,863","9,331",62.8,2019-2020
ACT,PHN801,Australian Capital Territory,70–74,"4,930","8,122",60.7,2019-2020
ACT,PHN801,Australian Capital Territory,50–69,"25,242","44,969",56.1,2019-2020
ACT,PHN801,Australian Capital Territory,50–74,"30,171","53,091",56.8,2019-2020
NT,PHN701,Northern Territory,50–54,"2,370","7,598",31.2,2019-2020
NT,PHN701,Northern Territory,55–59,"2,507","6,838",36.7,2019-2020
NT,PHN701,Northern Territory,60–64,"2,145","5,490",39.1,2019-2020
NT,PHN701,Northern Territory,65–69,"1,618","4,059",39.9,2019-2020
NT,PHN701,Northern Territory,70–74,"1,029","2,555",40.3,2019-2020
NT,PHN701,Northern Territory,50–69,"8,639","23,984",36.0,2019-2020
NT,PHN701,Northern Territory,50–74,"9,668","26,539",36.4,2019-2020